"Kod";"Nazwa";"Kierunki migracji";"Płeć";"Rok";"Wartosc";"Jednostka miary";"Atrybut";
0000000;"POLSKA";"saldo migracji ogółem";"ogółem";"2005";-12878;"osoba";"";
0000000;"POLSKA";"saldo migracji ogółem";"ogółem";"2006";-36134;"osoba";"";
0000000;"POLSKA";"saldo migracji ogółem";"ogółem";"2007";-20485;"osoba";"";
0000000;"POLSKA";"saldo migracji ogółem";"ogółem";"2008";-14865;"osoba";"";
0000000;"POLSKA";"saldo migracji ogółem";"ogółem";"2009";-1196;"osoba";"";
0000000;"POLSKA";"saldo migracji ogółem";"ogółem";"2010";-2114;"osoba";"";
0000000;"POLSKA";"saldo migracji ogółem";"ogółem";"2011";-4334;"osoba";"";
0000000;"POLSKA";"saldo migracji ogółem";"ogółem";"2012";-6617;"osoba";"";
0000000;"POLSKA";"saldo migracji ogółem";"ogółem";"2013";-19904;"osoba";"";
0000000;"POLSKA";"saldo migracji ogółem";"ogółem";"2014";-15750;"osoba";"";
0000000;"POLSKA";"saldo migracji ogółem";"ogółem";"2015";0;"osoba";"z";
0000000;"POLSKA";"saldo migracji ogółem";"ogółem";"2016";1505;"osoba";"";
0000000;"POLSKA";"saldo migracji ogółem";"ogółem";"2017";1436;"osoba";"";
0000000;"POLSKA";"saldo migracji ogółem";"ogółem";"2018";3612;"osoba";"";
0000000;"POLSKA";"saldo migracji ogółem";"ogółem";"2019";6183;"osoba";"";
0000000;"POLSKA";"saldo migracji ogółem";"ogółem";"2020";4483;"osoba";"";
0000000;"POLSKA";"saldo migracji ogółem";"ogółem";"2021";3404;"osoba";"";
0000000;"POLSKA";"saldo migracji ogółem";"ogółem";"2022";1939;"osoba";"";
0000000;"POLSKA";"saldo migracji ogółem";"ogółem";"2023";6766;"osoba";"";
0000000;"POLSKA";"saldo migracji ogółem";"ogółem";"2024";9301;"osoba";"";
0200000;"DOLNOŚLĄSKIE";"saldo migracji ogółem";"ogółem";"2005";-1849;"osoba";"";
0200000;"DOLNOŚLĄSKIE";"saldo migracji ogółem";"ogółem";"2006";-3626;"osoba";"";
0200000;"DOLNOŚLĄSKIE";"saldo migracji ogółem";"ogółem";"2007";-1570;"osoba";"";
0200000;"DOLNOŚLĄSKIE";"saldo migracji ogółem";"ogółem";"2008";-1160;"osoba";"";
0200000;"DOLNOŚLĄSKIE";"saldo migracji ogółem";"ogółem";"2009";907;"osoba";"";
0200000;"DOLNOŚLĄSKIE";"saldo migracji ogółem";"ogółem";"2010";1385;"osoba";"";
0200000;"DOLNOŚLĄSKIE";"saldo migracji ogółem";"ogółem";"2011";1071;"osoba";"";
0200000;"DOLNOŚLĄSKIE";"saldo migracji ogółem";"ogółem";"2012";940;"osoba";"";
0200000;"DOLNOŚLĄSKIE";"saldo migracji ogółem";"ogółem";"2013";27;"osoba";"";
0200000;"DOLNOŚLĄSKIE";"saldo migracji ogółem";"ogółem";"2014";556;"osoba";"";
0200000;"DOLNOŚLĄSKIE";"saldo migracji ogółem";"ogółem";"2015";0;"osoba";"x";
0200000;"DOLNOŚLĄSKIE";"saldo migracji ogółem";"ogółem";"2016";2809;"osoba";"";
0200000;"DOLNOŚLĄSKIE";"saldo migracji ogółem";"ogółem";"2017";2783;"osoba";"";
0200000;"DOLNOŚLĄSKIE";"saldo migracji ogółem";"ogółem";"2018";3712;"osoba";"";
0200000;"DOLNOŚLĄSKIE";"saldo migracji ogółem";"ogółem";"2019";4839;"osoba";"";
0200000;"DOLNOŚLĄSKIE";"saldo migracji ogółem";"ogółem";"2020";3844;"osoba";"";
0200000;"DOLNOŚLĄSKIE";"saldo migracji ogółem";"ogółem";"2021";3570;"osoba";"";
0200000;"DOLNOŚLĄSKIE";"saldo migracji ogółem";"ogółem";"2022";3589;"osoba";"";
0200000;"DOLNOŚLĄSKIE";"saldo migracji ogółem";"ogółem";"2023";4043;"osoba";"";
0200000;"DOLNOŚLĄSKIE";"saldo migracji ogółem";"ogółem";"2024";3998;"osoba";"";
0400000;"KUJAWSKO-POMORSKIE";"saldo migracji ogółem";"ogółem";"2005";-2080;"osoba";"";
0400000;"KUJAWSKO-POMORSKIE";"saldo migracji ogółem";"ogółem";"2006";-3587;"osoba";"";
0400000;"KUJAWSKO-POMORSKIE";"saldo migracji ogółem";"ogółem";"2007";-2372;"osoba";"";
0400000;"KUJAWSKO-POMORSKIE";"saldo migracji ogółem";"ogółem";"2008";-1681;"osoba";"";
0400000;"KUJAWSKO-POMORSKIE";"saldo migracji ogółem";"ogółem";"2009";-1397;"osoba";"";
0400000;"KUJAWSKO-POMORSKIE";"saldo migracji ogółem";"ogółem";"2010";-1683;"osoba";"";
0400000;"KUJAWSKO-POMORSKIE";"saldo migracji ogółem";"ogółem";"2011";-1649;"osoba";"";
0400000;"KUJAWSKO-POMORSKIE";"saldo migracji ogółem";"ogółem";"2012";-2006;"osoba";"";
0400000;"KUJAWSKO-POMORSKIE";"saldo migracji ogółem";"ogółem";"2013";-2645;"osoba";"";
0400000;"KUJAWSKO-POMORSKIE";"saldo migracji ogółem";"ogółem";"2014";-2838;"osoba";"";
0400000;"KUJAWSKO-POMORSKIE";"saldo migracji ogółem";"ogółem";"2015";0;"osoba";"x";
0400000;"KUJAWSKO-POMORSKIE";"saldo migracji ogółem";"ogółem";"2016";-1622;"osoba";"";
0400000;"KUJAWSKO-POMORSKIE";"saldo migracji ogółem";"ogółem";"2017";-1304;"osoba";"";
0400000;"KUJAWSKO-POMORSKIE";"saldo migracji ogółem";"ogółem";"2018";-2463;"osoba";"";
0400000;"KUJAWSKO-POMORSKIE";"saldo migracji ogółem";"ogółem";"2019";-2666;"osoba";"";
0400000;"KUJAWSKO-POMORSKIE";"saldo migracji ogółem";"ogółem";"2020";-2018;"osoba";"";
0400000;"KUJAWSKO-POMORSKIE";"saldo migracji ogółem";"ogółem";"2021";-2189;"osoba";"";
0400000;"KUJAWSKO-POMORSKIE";"saldo migracji ogółem";"ogółem";"2022";-1828;"osoba";"";
0400000;"KUJAWSKO-POMORSKIE";"saldo migracji ogółem";"ogółem";"2023";-2024;"osoba";"";
0400000;"KUJAWSKO-POMORSKIE";"saldo migracji ogółem";"ogółem";"2024";-1751;"osoba";"";
0600000;"LUBELSKIE";"saldo migracji ogółem";"ogółem";"2005";-4901;"osoba";"";
0600000;"LUBELSKIE";"saldo migracji ogółem";"ogółem";"2006";-6593;"osoba";"";
0600000;"LUBELSKIE";"saldo migracji ogółem";"ogółem";"2007";-5751;"osoba";"";
0600000;"LUBELSKIE";"saldo migracji ogółem";"ogółem";"2008";-4433;"osoba";"";
0600000;"LUBELSKIE";"saldo migracji ogółem";"ogółem";"2009";-4153;"osoba";"";
0600000;"LUBELSKIE";"saldo migracji ogółem";"ogółem";"2010";-4905;"osoba";"";
0600000;"LUBELSKIE";"saldo migracji ogółem";"ogółem";"2011";-5136;"osoba";"";
0600000;"LUBELSKIE";"saldo migracji ogółem";"ogółem";"2012";-5172;"osoba";"";
0600000;"LUBELSKIE";"saldo migracji ogółem";"ogółem";"2013";-5627;"osoba";"";
0600000;"LUBELSKIE";"saldo migracji ogółem";"ogółem";"2014";-5760;"osoba";"";
0600000;"LUBELSKIE";"saldo migracji ogółem";"ogółem";"2015";0;"osoba";"x";
0600000;"LUBELSKIE";"saldo migracji ogółem";"ogółem";"2016";-4067;"osoba";"";
0600000;"LUBELSKIE";"saldo migracji ogółem";"ogółem";"2017";-4731;"osoba";"";
0600000;"LUBELSKIE";"saldo migracji ogółem";"ogółem";"2018";-5359;"osoba";"";
0600000;"LUBELSKIE";"saldo migracji ogółem";"ogółem";"2019";-6031;"osoba";"";
0600000;"LUBELSKIE";"saldo migracji ogółem";"ogółem";"2020";-4338;"osoba";"";
0600000;"LUBELSKIE";"saldo migracji ogółem";"ogółem";"2021";-4766;"osoba";"";
0600000;"LUBELSKIE";"saldo migracji ogółem";"ogółem";"2022";-4501;"osoba";"";
0600000;"LUBELSKIE";"saldo migracji ogółem";"ogółem";"2023";-4468;"osoba";"";
0600000;"LUBELSKIE";"saldo migracji ogółem";"ogółem";"2024";-4823;"osoba";"";
0800000;"LUBUSKIE";"saldo migracji ogółem";"ogółem";"2005";-646;"osoba";"";
0800000;"LUBUSKIE";"saldo migracji ogółem";"ogółem";"2006";-1594;"osoba";"";
0800000;"LUBUSKIE";"saldo migracji ogółem";"ogółem";"2007";-1215;"osoba";"";
0800000;"LUBUSKIE";"saldo migracji ogółem";"ogółem";"2008";-682;"osoba";"";
0800000;"LUBUSKIE";"saldo migracji ogółem";"ogółem";"2009";-473;"osoba";"";
0800000;"LUBUSKIE";"saldo migracji ogółem";"ogółem";"2010";-474;"osoba";"";
0800000;"LUBUSKIE";"saldo migracji ogółem";"ogółem";"2011";-830;"osoba";"";
0800000;"LUBUSKIE";"saldo migracji ogółem";"ogółem";"2012";-622;"osoba";"";
0800000;"LUBUSKIE";"saldo migracji ogółem";"ogółem";"2013";-1378;"osoba";"";
0800000;"LUBUSKIE";"saldo migracji ogółem";"ogółem";"2014";-1323;"osoba";"";
0800000;"LUBUSKIE";"saldo migracji ogółem";"ogółem";"2015";0;"osoba";"x";
0800000;"LUBUSKIE";"saldo migracji ogółem";"ogółem";"2016";-831;"osoba";"";
0800000;"LUBUSKIE";"saldo migracji ogółem";"ogółem";"2017";-957;"osoba";"";
0800000;"LUBUSKIE";"saldo migracji ogółem";"ogółem";"2018";-978;"osoba";"";
0800000;"LUBUSKIE";"saldo migracji ogółem";"ogółem";"2019";-1101;"osoba";"";
0800000;"LUBUSKIE";"saldo migracji ogółem";"ogółem";"2020";-717;"osoba";"";
0800000;"LUBUSKIE";"saldo migracji ogółem";"ogółem";"2021";-964;"osoba";"";
0800000;"LUBUSKIE";"saldo migracji ogółem";"ogółem";"2022";-771;"osoba";"";
0800000;"LUBUSKIE";"saldo migracji ogółem";"ogółem";"2023";-626;"osoba";"";
0800000;"LUBUSKIE";"saldo migracji ogółem";"ogółem";"2024";-753;"osoba";"";
1000000;"ŁÓDZKIE";"saldo migracji ogółem";"ogółem";"2005";-1765;"osoba";"";
1000000;"ŁÓDZKIE";"saldo migracji ogółem";"ogółem";"2006";-2909;"osoba";"";
1000000;"ŁÓDZKIE";"saldo migracji ogółem";"ogółem";"2007";-2128;"osoba";"";
1000000;"ŁÓDZKIE";"saldo migracji ogółem";"ogółem";"2008";-1692;"osoba";"";
1000000;"ŁÓDZKIE";"saldo migracji ogółem";"ogółem";"2009";-1264;"osoba";"";
1000000;"ŁÓDZKIE";"saldo migracji ogółem";"ogółem";"2010";-1780;"osoba";"";
1000000;"ŁÓDZKIE";"saldo migracji ogółem";"ogółem";"2011";-1891;"osoba";"";
1000000;"ŁÓDZKIE";"saldo migracji ogółem";"ogółem";"2012";-1828;"osoba";"";
1000000;"ŁÓDZKIE";"saldo migracji ogółem";"ogółem";"2013";-2678;"osoba";"";
1000000;"ŁÓDZKIE";"saldo migracji ogółem";"ogółem";"2014";-2045;"osoba";"";
1000000;"ŁÓDZKIE";"saldo migracji ogółem";"ogółem";"2015";0;"osoba";"x";
1000000;"ŁÓDZKIE";"saldo migracji ogółem";"ogółem";"2016";-1417;"osoba";"";
1000000;"ŁÓDZKIE";"saldo migracji ogółem";"ogółem";"2017";-1789;"osoba";"";
1000000;"ŁÓDZKIE";"saldo migracji ogółem";"ogółem";"2018";-1859;"osoba";"";
1000000;"ŁÓDZKIE";"saldo migracji ogółem";"ogółem";"2019";-2510;"osoba";"";
1000000;"ŁÓDZKIE";"saldo migracji ogółem";"ogółem";"2020";-1672;"osoba";"";
1000000;"ŁÓDZKIE";"saldo migracji ogółem";"ogółem";"2021";-2143;"osoba";"";
1000000;"ŁÓDZKIE";"saldo migracji ogółem";"ogółem";"2022";-1570;"osoba";"";
1000000;"ŁÓDZKIE";"saldo migracji ogółem";"ogółem";"2023";-1800;"osoba";"";
1000000;"ŁÓDZKIE";"saldo migracji ogółem";"ogółem";"2024";-1400;"osoba";"";
1200000;"MAŁOPOLSKIE";"saldo migracji ogółem";"ogółem";"2005";3183;"osoba";"";
1200000;"MAŁOPOLSKIE";"saldo migracji ogółem";"ogółem";"2006";1292;"osoba";"";
1200000;"MAŁOPOLSKIE";"saldo migracji ogółem";"ogółem";"2007";2715;"osoba";"";
1200000;"MAŁOPOLSKIE";"saldo migracji ogółem";"ogółem";"2008";2243;"osoba";"";
1200000;"MAŁOPOLSKIE";"saldo migracji ogółem";"ogółem";"2009";4408;"osoba";"";
1200000;"MAŁOPOLSKIE";"saldo migracji ogółem";"ogółem";"2010";4408;"osoba";"";
1200000;"MAŁOPOLSKIE";"saldo migracji ogółem";"ogółem";"2011";4300;"osoba";"";
1200000;"MAŁOPOLSKIE";"saldo migracji ogółem";"ogółem";"2012";3577;"osoba";"";
1200000;"MAŁOPOLSKIE";"saldo migracji ogółem";"ogółem";"2013";2824;"osoba";"";
1200000;"MAŁOPOLSKIE";"saldo migracji ogółem";"ogółem";"2014";2947;"osoba";"";
1200000;"MAŁOPOLSKIE";"saldo migracji ogółem";"ogółem";"2015";0;"osoba";"x";
1200000;"MAŁOPOLSKIE";"saldo migracji ogółem";"ogółem";"2016";3672;"osoba";"";
1200000;"MAŁOPOLSKIE";"saldo migracji ogółem";"ogółem";"2017";4106;"osoba";"";
1200000;"MAŁOPOLSKIE";"saldo migracji ogółem";"ogółem";"2018";5521;"osoba";"";
1200000;"MAŁOPOLSKIE";"saldo migracji ogółem";"ogółem";"2019";6872;"osoba";"";
1200000;"MAŁOPOLSKIE";"saldo migracji ogółem";"ogółem";"2020";3981;"osoba";"";
1200000;"MAŁOPOLSKIE";"saldo migracji ogółem";"ogółem";"2021";4816;"osoba";"";
1200000;"MAŁOPOLSKIE";"saldo migracji ogółem";"ogółem";"2022";4111;"osoba";"";
1200000;"MAŁOPOLSKIE";"saldo migracji ogółem";"ogółem";"2023";5212;"osoba";"";
1200000;"MAŁOPOLSKIE";"saldo migracji ogółem";"ogółem";"2024";5659;"osoba";"";
1400000;"MAZOWIECKIE";"saldo migracji ogółem";"ogółem";"2005";15085;"osoba";"";
1400000;"MAZOWIECKIE";"saldo migracji ogółem";"ogółem";"2006";15445;"osoba";"";
1400000;"MAZOWIECKIE";"saldo migracji ogółem";"ogółem";"2007";14834;"osoba";"";
1400000;"MAZOWIECKIE";"saldo migracji ogółem";"ogółem";"2008";11445;"osoba";"";
1400000;"MAZOWIECKIE";"saldo migracji ogółem";"ogółem";"2009";12288;"osoba";"";
1400000;"MAZOWIECKIE";"saldo migracji ogółem";"ogółem";"2010";13377;"osoba";"";
1400000;"MAZOWIECKIE";"saldo migracji ogółem";"ogółem";"2011";14354;"osoba";"";
1400000;"MAZOWIECKIE";"saldo migracji ogółem";"ogółem";"2012";13287;"osoba";"";
1400000;"MAZOWIECKIE";"saldo migracji ogółem";"ogółem";"2013";13353;"osoba";"";
1400000;"MAZOWIECKIE";"saldo migracji ogółem";"ogółem";"2014";13108;"osoba";"";
1400000;"MAZOWIECKIE";"saldo migracji ogółem";"ogółem";"2015";0;"osoba";"x";
1400000;"MAZOWIECKIE";"saldo migracji ogółem";"ogółem";"2016";12950;"osoba";"";
1400000;"MAZOWIECKIE";"saldo migracji ogółem";"ogółem";"2017";13513;"osoba";"";
1400000;"MAZOWIECKIE";"saldo migracji ogółem";"ogółem";"2018";16702;"osoba";"";
1400000;"MAZOWIECKIE";"saldo migracji ogółem";"ogółem";"2019";18084;"osoba";"";
1400000;"MAZOWIECKIE";"saldo migracji ogółem";"ogółem";"2020";12197;"osoba";"";
1400000;"MAZOWIECKIE";"saldo migracji ogółem";"ogółem";"2021";12988;"osoba";"";
1400000;"MAZOWIECKIE";"saldo migracji ogółem";"ogółem";"2022";11274;"osoba";"";
1400000;"MAZOWIECKIE";"saldo migracji ogółem";"ogółem";"2023";12841;"osoba";"";
1400000;"MAZOWIECKIE";"saldo migracji ogółem";"ogółem";"2024";13791;"osoba";"";
1600000;"OPOLSKIE";"saldo migracji ogółem";"ogółem";"2005";-3185;"osoba";"";
1600000;"OPOLSKIE";"saldo migracji ogółem";"ogółem";"2006";-4798;"osoba";"";
1600000;"OPOLSKIE";"saldo migracji ogółem";"ogółem";"2007";-4062;"osoba";"";
1600000;"OPOLSKIE";"saldo migracji ogółem";"ogółem";"2008";-3335;"osoba";"";
1600000;"OPOLSKIE";"saldo migracji ogółem";"ogółem";"2009";-1723;"osoba";"";
1600000;"OPOLSKIE";"saldo migracji ogółem";"ogółem";"2010";-1793;"osoba";"";
1600000;"OPOLSKIE";"saldo migracji ogółem";"ogółem";"2011";-2258;"osoba";"";
1600000;"OPOLSKIE";"saldo migracji ogółem";"ogółem";"2012";-2173;"osoba";"";
1600000;"OPOLSKIE";"saldo migracji ogółem";"ogółem";"2013";-3331;"osoba";"";
1600000;"OPOLSKIE";"saldo migracji ogółem";"ogółem";"2014";-2260;"osoba";"";
1600000;"OPOLSKIE";"saldo migracji ogółem";"ogółem";"2015";0;"osoba";"x";
1600000;"OPOLSKIE";"saldo migracji ogółem";"ogółem";"2016";-1370;"osoba";"";
1600000;"OPOLSKIE";"saldo migracji ogółem";"ogółem";"2017";-1224;"osoba";"";
1600000;"OPOLSKIE";"saldo migracji ogółem";"ogółem";"2018";-1275;"osoba";"";
1600000;"OPOLSKIE";"saldo migracji ogółem";"ogółem";"2019";-1452;"osoba";"";
1600000;"OPOLSKIE";"saldo migracji ogółem";"ogółem";"2020";-1119;"osoba";"";
1600000;"OPOLSKIE";"saldo migracji ogółem";"ogółem";"2021";-1389;"osoba";"";
1600000;"OPOLSKIE";"saldo migracji ogółem";"ogółem";"2022";-1216;"osoba";"";
1600000;"OPOLSKIE";"saldo migracji ogółem";"ogółem";"2023";-1297;"osoba";"";
1600000;"OPOLSKIE";"saldo migracji ogółem";"ogółem";"2024";-1118;"osoba";"";
1800000;"PODKARPACKIE";"saldo migracji ogółem";"ogółem";"2005";-2385;"osoba";"";
1800000;"PODKARPACKIE";"saldo migracji ogółem";"ogółem";"2006";-3990;"osoba";"";
1800000;"PODKARPACKIE";"saldo migracji ogółem";"ogółem";"2007";-3153;"osoba";"";
1800000;"PODKARPACKIE";"saldo migracji ogółem";"ogółem";"2008";-2311;"osoba";"";
1800000;"PODKARPACKIE";"saldo migracji ogółem";"ogółem";"2009";-1875;"osoba";"";
1800000;"PODKARPACKIE";"saldo migracji ogółem";"ogółem";"2010";-1929;"osoba";"";
1800000;"PODKARPACKIE";"saldo migracji ogółem";"ogółem";"2011";-2177;"osoba";"";
1800000;"PODKARPACKIE";"saldo migracji ogółem";"ogółem";"2012";-1947;"osoba";"";
1800000;"PODKARPACKIE";"saldo migracji ogółem";"ogółem";"2013";-3102;"osoba";"";
1800000;"PODKARPACKIE";"saldo migracji ogółem";"ogółem";"2014";-2249;"osoba";"";
1800000;"PODKARPACKIE";"saldo migracji ogółem";"ogółem";"2015";0;"osoba";"x";
1800000;"PODKARPACKIE";"saldo migracji ogółem";"ogółem";"2016";-1639;"osoba";"";
1800000;"PODKARPACKIE";"saldo migracji ogółem";"ogółem";"2017";-1777;"osoba";"";
1800000;"PODKARPACKIE";"saldo migracji ogółem";"ogółem";"2018";-2741;"osoba";"";
1800000;"PODKARPACKIE";"saldo migracji ogółem";"ogółem";"2019";-2950;"osoba";"";
1800000;"PODKARPACKIE";"saldo migracji ogółem";"ogółem";"2020";-1956;"osoba";"";
1800000;"PODKARPACKIE";"saldo migracji ogółem";"ogółem";"2021";-1934;"osoba";"";
1800000;"PODKARPACKIE";"saldo migracji ogółem";"ogółem";"2022";-2089;"osoba";"";
1800000;"PODKARPACKIE";"saldo migracji ogółem";"ogółem";"2023";-2332;"osoba";"";
1800000;"PODKARPACKIE";"saldo migracji ogółem";"ogółem";"2024";-2534;"osoba";"";
2000000;"PODLASKIE";"saldo migracji ogółem";"ogółem";"2005";-1941;"osoba";"";
2000000;"PODLASKIE";"saldo migracji ogółem";"ogółem";"2006";-2838;"osoba";"";
2000000;"PODLASKIE";"saldo migracji ogółem";"ogółem";"2007";-2528;"osoba";"";
2000000;"PODLASKIE";"saldo migracji ogółem";"ogółem";"2008";-1698;"osoba";"";
2000000;"PODLASKIE";"saldo migracji ogółem";"ogółem";"2009";-1721;"osoba";"";
2000000;"PODLASKIE";"saldo migracji ogółem";"ogółem";"2010";-1516;"osoba";"";
2000000;"PODLASKIE";"saldo migracji ogółem";"ogółem";"2011";-1974;"osoba";"";
2000000;"PODLASKIE";"saldo migracji ogółem";"ogółem";"2012";-1808;"osoba";"";
2000000;"PODLASKIE";"saldo migracji ogółem";"ogółem";"2013";-2511;"osoba";"";
2000000;"PODLASKIE";"saldo migracji ogółem";"ogółem";"2014";-2249;"osoba";"";
2000000;"PODLASKIE";"saldo migracji ogółem";"ogółem";"2015";0;"osoba";"x";
2000000;"PODLASKIE";"saldo migracji ogółem";"ogółem";"2016";-1287;"osoba";"";
2000000;"PODLASKIE";"saldo migracji ogółem";"ogółem";"2017";-1701;"osoba";"";
2000000;"PODLASKIE";"saldo migracji ogółem";"ogółem";"2018";-2014;"osoba";"";
2000000;"PODLASKIE";"saldo migracji ogółem";"ogółem";"2019";-2032;"osoba";"";
2000000;"PODLASKIE";"saldo migracji ogółem";"ogółem";"2020";-1318;"osoba";"";
2000000;"PODLASKIE";"saldo migracji ogółem";"ogółem";"2021";-1214;"osoba";"";
2000000;"PODLASKIE";"saldo migracji ogółem";"ogółem";"2022";-1143;"osoba";"";
2000000;"PODLASKIE";"saldo migracji ogółem";"ogółem";"2023";-1370;"osoba";"";
2000000;"PODLASKIE";"saldo migracji ogółem";"ogółem";"2024";-1274;"osoba";"";
2200000;"POMORSKIE";"saldo migracji ogółem";"ogółem";"2005";1073;"osoba";"";
2200000;"POMORSKIE";"saldo migracji ogółem";"ogółem";"2006";-934;"osoba";"";
2200000;"POMORSKIE";"saldo migracji ogółem";"ogółem";"2007";1243;"osoba";"";
2200000;"POMORSKIE";"saldo migracji ogółem";"ogółem";"2008";1316;"osoba";"";
2200000;"POMORSKIE";"saldo migracji ogółem";"ogółem";"2009";2782;"osoba";"";
2200000;"POMORSKIE";"saldo migracji ogółem";"ogółem";"2010";2649;"osoba";"";
2200000;"POMORSKIE";"saldo migracji ogółem";"ogółem";"2011";2279;"osoba";"";
2200000;"POMORSKIE";"saldo migracji ogółem";"ogółem";"2012";1951;"osoba";"";
2200000;"POMORSKIE";"saldo migracji ogółem";"ogółem";"2013";1863;"osoba";"";
2200000;"POMORSKIE";"saldo migracji ogółem";"ogółem";"2014";1972;"osoba";"";
2200000;"POMORSKIE";"saldo migracji ogółem";"ogółem";"2015";0;"osoba";"x";
2200000;"POMORSKIE";"saldo migracji ogółem";"ogółem";"2016";3532;"osoba";"";
2200000;"POMORSKIE";"saldo migracji ogółem";"ogółem";"2017";3586;"osoba";"";
2200000;"POMORSKIE";"saldo migracji ogółem";"ogółem";"2018";5071;"osoba";"";
2200000;"POMORSKIE";"saldo migracji ogółem";"ogółem";"2019";6336;"osoba";"";
2200000;"POMORSKIE";"saldo migracji ogółem";"ogółem";"2020";4078;"osoba";"";
2200000;"POMORSKIE";"saldo migracji ogółem";"ogółem";"2021";4760;"osoba";"";
2200000;"POMORSKIE";"saldo migracji ogółem";"ogółem";"2022";3923;"osoba";"";
2200000;"POMORSKIE";"saldo migracji ogółem";"ogółem";"2023";4809;"osoba";"";
2200000;"POMORSKIE";"saldo migracji ogółem";"ogółem";"2024";5454;"osoba";"";
2400000;"ŚLĄSKIE";"saldo migracji ogółem";"ogółem";"2005";-8698;"osoba";"";
2400000;"ŚLĄSKIE";"saldo migracji ogółem";"ogółem";"2006";-12189;"osoba";"";
2400000;"ŚLĄSKIE";"saldo migracji ogółem";"ogółem";"2007";-9890;"osoba";"";
2400000;"ŚLĄSKIE";"saldo migracji ogółem";"ogółem";"2008";-7157;"osoba";"";
2400000;"ŚLĄSKIE";"saldo migracji ogółem";"ogółem";"2009";-4797;"osoba";"";
2400000;"ŚLĄSKIE";"saldo migracji ogółem";"ogółem";"2010";-4938;"osoba";"";
2400000;"ŚLĄSKIE";"saldo migracji ogółem";"ogółem";"2011";-5672;"osoba";"";
2400000;"ŚLĄSKIE";"saldo migracji ogółem";"ogółem";"2012";-5902;"osoba";"";
2400000;"ŚLĄSKIE";"saldo migracji ogółem";"ogółem";"2013";-9318;"osoba";"";
2400000;"ŚLĄSKIE";"saldo migracji ogółem";"ogółem";"2014";-7164;"osoba";"";
2400000;"ŚLĄSKIE";"saldo migracji ogółem";"ogółem";"2015";0;"osoba";"x";
2400000;"ŚLĄSKIE";"saldo migracji ogółem";"ogółem";"2016";-4556;"osoba";"";
2400000;"ŚLĄSKIE";"saldo migracji ogółem";"ogółem";"2017";-4246;"osoba";"";
2400000;"ŚLĄSKIE";"saldo migracji ogółem";"ogółem";"2018";-5028;"osoba";"";
2400000;"ŚLĄSKIE";"saldo migracji ogółem";"ogółem";"2019";-4717;"osoba";"";
2400000;"ŚLĄSKIE";"saldo migracji ogółem";"ogółem";"2020";-3531;"osoba";"";
2400000;"ŚLĄSKIE";"saldo migracji ogółem";"ogółem";"2021";-4483;"osoba";"";
2400000;"ŚLĄSKIE";"saldo migracji ogółem";"ogółem";"2022";-4244;"osoba";"";
2400000;"ŚLĄSKIE";"saldo migracji ogółem";"ogółem";"2023";-2709;"osoba";"";
2400000;"ŚLĄSKIE";"saldo migracji ogółem";"ogółem";"2024";-2934;"osoba";"";
2600000;"ŚWIĘTOKRZYSKIE";"saldo migracji ogółem";"ogółem";"2005";-2249;"osoba";"";
2600000;"ŚWIĘTOKRZYSKIE";"saldo migracji ogółem";"ogółem";"2006";-3483;"osoba";"";
2600000;"ŚWIĘTOKRZYSKIE";"saldo migracji ogółem";"ogółem";"2007";-2916;"osoba";"";
2600000;"ŚWIĘTOKRZYSKIE";"saldo migracji ogółem";"ogółem";"2008";-2333;"osoba";"";
2600000;"ŚWIĘTOKRZYSKIE";"saldo migracji ogółem";"ogółem";"2009";-2119;"osoba";"";
2600000;"ŚWIĘTOKRZYSKIE";"saldo migracji ogółem";"ogółem";"2010";-2545;"osoba";"";
2600000;"ŚWIĘTOKRZYSKIE";"saldo migracji ogółem";"ogółem";"2011";-2305;"osoba";"";
2600000;"ŚWIĘTOKRZYSKIE";"saldo migracji ogółem";"ogółem";"2012";-2128;"osoba";"";
2600000;"ŚWIĘTOKRZYSKIE";"saldo migracji ogółem";"ogółem";"2013";-2809;"osoba";"";
2600000;"ŚWIĘTOKRZYSKIE";"saldo migracji ogółem";"ogółem";"2014";-2570;"osoba";"";
2600000;"ŚWIĘTOKRZYSKIE";"saldo migracji ogółem";"ogółem";"2015";0;"osoba";"x";
2600000;"ŚWIĘTOKRZYSKIE";"saldo migracji ogółem";"ogółem";"2016";-1750;"osoba";"";
2600000;"ŚWIĘTOKRZYSKIE";"saldo migracji ogółem";"ogółem";"2017";-2225;"osoba";"";
2600000;"ŚWIĘTOKRZYSKIE";"saldo migracji ogółem";"ogółem";"2018";-2452;"osoba";"";
2600000;"ŚWIĘTOKRZYSKIE";"saldo migracji ogółem";"ogółem";"2019";-3462;"osoba";"";
2600000;"ŚWIĘTOKRZYSKIE";"saldo migracji ogółem";"ogółem";"2020";-2013;"osoba";"";
2600000;"ŚWIĘTOKRZYSKIE";"saldo migracji ogółem";"ogółem";"2021";-2328;"osoba";"";
2600000;"ŚWIĘTOKRZYSKIE";"saldo migracji ogółem";"ogółem";"2022";-2230;"osoba";"";
2600000;"ŚWIĘTOKRZYSKIE";"saldo migracji ogółem";"ogółem";"2023";-2698;"osoba";"";
2600000;"ŚWIĘTOKRZYSKIE";"saldo migracji ogółem";"ogółem";"2024";-2620;"osoba";"";
2800000;"WARMIŃSKO-MAZURSKIE";"saldo migracji ogółem";"ogółem";"2005";-3098;"osoba";"";
2800000;"WARMIŃSKO-MAZURSKIE";"saldo migracji ogółem";"ogółem";"2006";-5055;"osoba";"";
2800000;"WARMIŃSKO-MAZURSKIE";"saldo migracji ogółem";"ogółem";"2007";-3792;"osoba";"";
2800000;"WARMIŃSKO-MAZURSKIE";"saldo migracji ogółem";"ogółem";"2008";-3099;"osoba";"";
2800000;"WARMIŃSKO-MAZURSKIE";"saldo migracji ogółem";"ogółem";"2009";-2784;"osoba";"";
2800000;"WARMIŃSKO-MAZURSKIE";"saldo migracji ogółem";"ogółem";"2010";-2706;"osoba";"";
2800000;"WARMIŃSKO-MAZURSKIE";"saldo migracji ogółem";"ogółem";"2011";-2996;"osoba";"";
2800000;"WARMIŃSKO-MAZURSKIE";"saldo migracji ogółem";"ogółem";"2012";-2587;"osoba";"";
2800000;"WARMIŃSKO-MAZURSKIE";"saldo migracji ogółem";"ogółem";"2013";-3698;"osoba";"";
2800000;"WARMIŃSKO-MAZURSKIE";"saldo migracji ogółem";"ogółem";"2014";-3576;"osoba";"";
2800000;"WARMIŃSKO-MAZURSKIE";"saldo migracji ogółem";"ogółem";"2015";0;"osoba";"x";
2800000;"WARMIŃSKO-MAZURSKIE";"saldo migracji ogółem";"ogółem";"2016";-2974;"osoba";"";
2800000;"WARMIŃSKO-MAZURSKIE";"saldo migracji ogółem";"ogółem";"2017";-2742;"osoba";"";
2800000;"WARMIŃSKO-MAZURSKIE";"saldo migracji ogółem";"ogółem";"2018";-3504;"osoba";"";
2800000;"WARMIŃSKO-MAZURSKIE";"saldo migracji ogółem";"ogółem";"2019";-3750;"osoba";"";
2800000;"WARMIŃSKO-MAZURSKIE";"saldo migracji ogółem";"ogółem";"2020";-2091;"osoba";"";
2800000;"WARMIŃSKO-MAZURSKIE";"saldo migracji ogółem";"ogółem";"2021";-2563;"osoba";"";
2800000;"WARMIŃSKO-MAZURSKIE";"saldo migracji ogółem";"ogółem";"2022";-2258;"osoba";"";
2800000;"WARMIŃSKO-MAZURSKIE";"saldo migracji ogółem";"ogółem";"2023";-2260;"osoba";"";
2800000;"WARMIŃSKO-MAZURSKIE";"saldo migracji ogółem";"ogółem";"2024";-2419;"osoba";"";
3000000;"WIELKOPOLSKIE";"saldo migracji ogółem";"ogółem";"2005";2301;"osoba";"";
3000000;"WIELKOPOLSKIE";"saldo migracji ogółem";"ogółem";"2006";527;"osoba";"";
3000000;"WIELKOPOLSKIE";"saldo migracji ogółem";"ogółem";"2007";1872;"osoba";"";
3000000;"WIELKOPOLSKIE";"saldo migracji ogółem";"ogółem";"2008";1128;"osoba";"";
3000000;"WIELKOPOLSKIE";"saldo migracji ogółem";"ogółem";"2009";1568;"osoba";"";
3000000;"WIELKOPOLSKIE";"saldo migracji ogółem";"ogółem";"2010";1273;"osoba";"";
3000000;"WIELKOPOLSKIE";"saldo migracji ogółem";"ogółem";"2011";1405;"osoba";"";
3000000;"WIELKOPOLSKIE";"saldo migracji ogółem";"ogółem";"2012";634;"osoba";"";
3000000;"WIELKOPOLSKIE";"saldo migracji ogółem";"ogółem";"2013";166;"osoba";"";
3000000;"WIELKOPOLSKIE";"saldo migracji ogółem";"ogółem";"2014";73;"osoba";"";
3000000;"WIELKOPOLSKIE";"saldo migracji ogółem";"ogółem";"2015";0;"osoba";"x";
3000000;"WIELKOPOLSKIE";"saldo migracji ogółem";"ogółem";"2016";1059;"osoba";"";
3000000;"WIELKOPOLSKIE";"saldo migracji ogółem";"ogółem";"2017";1143;"osoba";"";
3000000;"WIELKOPOLSKIE";"saldo migracji ogółem";"ogółem";"2018";1282;"osoba";"";
3000000;"WIELKOPOLSKIE";"saldo migracji ogółem";"ogółem";"2019";1460;"osoba";"";
3000000;"WIELKOPOLSKIE";"saldo migracji ogółem";"ogółem";"2020";1757;"osoba";"";
3000000;"WIELKOPOLSKIE";"saldo migracji ogółem";"ogółem";"2021";2000;"osoba";"";
3000000;"WIELKOPOLSKIE";"saldo migracji ogółem";"ogółem";"2022";1401;"osoba";"";
3000000;"WIELKOPOLSKIE";"saldo migracji ogółem";"ogółem";"2023";2029;"osoba";"";
3000000;"WIELKOPOLSKIE";"saldo migracji ogółem";"ogółem";"2024";2164;"osoba";"";
3200000;"ZACHODNIOPOMORSKIE";"saldo migracji ogółem";"ogółem";"2005";-1723;"osoba";"";
3200000;"ZACHODNIOPOMORSKIE";"saldo migracji ogółem";"ogółem";"2006";-1802;"osoba";"";
3200000;"ZACHODNIOPOMORSKIE";"saldo migracji ogółem";"ogółem";"2007";-1772;"osoba";"";
3200000;"ZACHODNIOPOMORSKIE";"saldo migracji ogółem";"ogółem";"2008";-1416;"osoba";"";
3200000;"ZACHODNIOPOMORSKIE";"saldo migracji ogółem";"ogółem";"2009";-843;"osoba";"";
3200000;"ZACHODNIOPOMORSKIE";"saldo migracji ogółem";"ogółem";"2010";-937;"osoba";"";
3200000;"ZACHODNIOPOMORSKIE";"saldo migracji ogółem";"ogółem";"2011";-855;"osoba";"";
3200000;"ZACHODNIOPOMORSKIE";"saldo migracji ogółem";"ogółem";"2012";-833;"osoba";"";
3200000;"ZACHODNIOPOMORSKIE";"saldo migracji ogółem";"ogółem";"2013";-1040;"osoba";"";
3200000;"ZACHODNIOPOMORSKIE";"saldo migracji ogółem";"ogółem";"2014";-2372;"osoba";"";
3200000;"ZACHODNIOPOMORSKIE";"saldo migracji ogółem";"ogółem";"2015";0;"osoba";"x";
3200000;"ZACHODNIOPOMORSKIE";"saldo migracji ogółem";"ogółem";"2016";-1004;"osoba";"";
3200000;"ZACHODNIOPOMORSKIE";"saldo migracji ogółem";"ogółem";"2017";-999;"osoba";"";
3200000;"ZACHODNIOPOMORSKIE";"saldo migracji ogółem";"ogółem";"2018";-1003;"osoba";"";
3200000;"ZACHODNIOPOMORSKIE";"saldo migracji ogółem";"ogółem";"2019";-737;"osoba";"";
3200000;"ZACHODNIOPOMORSKIE";"saldo migracji ogółem";"ogółem";"2020";-601;"osoba";"";
3200000;"ZACHODNIOPOMORSKIE";"saldo migracji ogółem";"ogółem";"2021";-757;"osoba";"";
3200000;"ZACHODNIOPOMORSKIE";"saldo migracji ogółem";"ogółem";"2022";-509;"osoba";"";
3200000;"ZACHODNIOPOMORSKIE";"saldo migracji ogółem";"ogółem";"2023";-584;"osoba";"";
3200000;"ZACHODNIOPOMORSKIE";"saldo migracji ogółem";"ogółem";"2024";-139;"osoba";"";
