"Kod";"Nazwa";"Okresy";"Sekcje wg PKD 2007";"Rok";"Wartosc";"Jednostka miary";"Atrybut";
0000000;"POLSKA";"1 kwartał";"ogółem";"2005";2417,16;"zł";"";
0000000;"POLSKA";"1 kwartał";"ogółem";"2006";2534,03;"zł";"";
0000000;"POLSKA";"1 kwartał";"ogółem";"2007";2736,00;"zł";"";
0000000;"POLSKA";"1 kwartał";"ogółem";"2008";3057,92;"zł";"";
0000000;"POLSKA";"1 kwartał";"ogółem";"2009";3246,24;"zł";"";
0000000;"POLSKA";"1 kwartał";"ogółem";"2010";3338,85;"zł";"";
0000000;"POLSKA";"1 kwartał";"ogółem";"2011";3481,34;"zł";"";
0000000;"POLSKA";"1 kwartał";"ogółem";"2012";3664,16;"zł";"";
0000000;"POLSKA";"1 kwartał";"ogółem";"2013";3740,79;"zł";"";
0000000;"POLSKA";"1 kwartał";"ogółem";"2014";3896,97;"zł";"";
0000000;"POLSKA";"1 kwartał";"ogółem";"2015";4053,71;"zł";"";
0000000;"POLSKA";"1 kwartał";"ogółem";"2016";4201,91;"zł";"";
0000000;"POLSKA";"1 kwartał";"ogółem";"2017";4390,54;"zł";"";
0000000;"POLSKA";"1 kwartał";"ogółem";"2018";4700,11;"zł";"";
0000000;"POLSKA";"1 kwartał";"ogółem";"2019";5015,03;"zł";"";
0000000;"POLSKA";"1 kwartał";"ogółem";"2020";5367,68;"zł";"";
0000000;"POLSKA";"1 kwartał";"ogółem";"2021";5675,54;"zł";"";
0000000;"POLSKA";"1 kwartał";"ogółem";"2022";6338,46;"zł";"";
0000000;"POLSKA";"1 kwartał";"ogółem";"2023";7178,40;"zł";"";
0000000;"POLSKA";"1 kwartał";"ogółem";"2024";8077,01;"zł";"";
0000000;"POLSKA";"1 kwartał";"ogółem";"2025";8736,49;"zł";"";
0000000;"POLSKA";"2 kwartał";"ogółem";"2005";2458,96;"zł";"";
0000000;"POLSKA";"2 kwartał";"ogółem";"2006";2576,66;"zł";"";
0000000;"POLSKA";"2 kwartał";"ogółem";"2007";2806,94;"zł";"";
0000000;"POLSKA";"2 kwartał";"ogółem";"2008";3158,61;"zł";"";
0000000;"POLSKA";"2 kwartał";"ogółem";"2009";3273,12;"zł";"";
0000000;"POLSKA";"2 kwartał";"ogółem";"2010";3402,19;"zł";"";
0000000;"POLSKA";"2 kwartał";"ogółem";"2011";;"zł";"";
0000000;"POLSKA";"2 kwartał";"ogółem";"2012";;"zł";"";
0000000;"POLSKA";"2 kwartał";"ogółem";"2013";;"zł";"";
0000000;"POLSKA";"2 kwartał";"ogółem";"2014";;"zł";"";
0000000;"POLSKA";"2 kwartał";"ogółem";"2015";;"zł";"";
0000000;"POLSKA";"2 kwartał";"ogółem";"2016";;"zł";"";
0000000;"POLSKA";"2 kwartał";"ogółem";"2017";;"zł";"";
0000000;"POLSKA";"2 kwartał";"ogółem";"2018";;"zł";"";
0000000;"POLSKA";"2 kwartał";"ogółem";"2019";;"zł";"";
0000000;"POLSKA";"2 kwartał";"ogółem";"2020";;"zł";"";
0000000;"POLSKA";"2 kwartał";"ogółem";"2021";;"zł";"";
0000000;"POLSKA";"2 kwartał";"ogółem";"2022";;"zł";"";
0000000;"POLSKA";"2 kwartał";"ogółem";"2023";;"zł";"";
0000000;"POLSKA";"2 kwartał";"ogółem";"2024";;"zł";"";
0000000;"POLSKA";"2 kwartał";"ogółem";"2025";;"zł";"";
0000000;"POLSKA";"3 kwartał";"ogółem";"2005";2485,21;"zł";"";
0000000;"POLSKA";"3 kwartał";"ogółem";"2006";2619,94;"zł";"";
0000000;"POLSKA";"3 kwartał";"ogółem";"2007";2890,63;"zł";"";
0000000;"POLSKA";"3 kwartał";"ogółem";"2008";3189,58;"zł";"";
0000000;"POLSKA";"3 kwartał";"ogółem";"2009";3311,65;"zł";"";
0000000;"POLSKA";"3 kwartał";"ogółem";"2010";3381,93;"zł";"";
0000000;"POLSKA";"3 kwartał";"ogółem";"2011";;"zł";"";
0000000;"POLSKA";"3 kwartał";"ogółem";"2012";;"zł";"";
0000000;"POLSKA";"3 kwartał";"ogółem";"2013";;"zł";"";
0000000;"POLSKA";"3 kwartał";"ogółem";"2014";;"zł";"";
0000000;"POLSKA";"3 kwartał";"ogółem";"2015";;"zł";"";
0000000;"POLSKA";"3 kwartał";"ogółem";"2016";;"zł";"";
0000000;"POLSKA";"3 kwartał";"ogółem";"2017";;"zł";"";
0000000;"POLSKA";"3 kwartał";"ogółem";"2018";;"zł";"";
0000000;"POLSKA";"3 kwartał";"ogółem";"2019";;"zł";"";
0000000;"POLSKA";"3 kwartał";"ogółem";"2020";;"zł";"";
0000000;"POLSKA";"3 kwartał";"ogółem";"2021";;"zł";"";
0000000;"POLSKA";"3 kwartał";"ogółem";"2022";;"zł";"";
0000000;"POLSKA";"3 kwartał";"ogółem";"2023";;"zł";"";
0000000;"POLSKA";"3 kwartał";"ogółem";"2024";;"zł";"";
0000000;"POLSKA";"3 kwartał";"ogółem";"2025";;"zł";"";
0000000;"POLSKA";"4 kwartał";"ogółem";"2005";2648,28;"zł";"";
0000000;"POLSKA";"4 kwartał";"ogółem";"2006";2798,21;"zł";"";
0000000;"POLSKA";"4 kwartał";"ogółem";"2007";3087,99;"zł";"";
0000000;"POLSKA";"4 kwartał";"ogółem";"2008";3307,37;"zł";"";
0000000;"POLSKA";"4 kwartał";"ogółem";"2009";3442,82;"zł";"";
0000000;"POLSKA";"4 kwartał";"ogółem";"2010";3591,03;"zł";"";
0000000;"POLSKA";"4 kwartał";"ogółem";"2011";;"zł";"";
0000000;"POLSKA";"4 kwartał";"ogółem";"2012";;"zł";"";
0000000;"POLSKA";"4 kwartał";"ogółem";"2013";;"zł";"";
0000000;"POLSKA";"4 kwartał";"ogółem";"2014";;"zł";"";
0000000;"POLSKA";"4 kwartał";"ogółem";"2015";;"zł";"";
0000000;"POLSKA";"4 kwartał";"ogółem";"2016";;"zł";"";
0000000;"POLSKA";"4 kwartał";"ogółem";"2017";;"zł";"";
0000000;"POLSKA";"4 kwartał";"ogółem";"2018";;"zł";"";
0000000;"POLSKA";"4 kwartał";"ogółem";"2019";;"zł";"";
0000000;"POLSKA";"4 kwartał";"ogółem";"2020";;"zł";"";
0000000;"POLSKA";"4 kwartał";"ogółem";"2021";;"zł";"";
0000000;"POLSKA";"4 kwartał";"ogółem";"2022";;"zł";"";
0000000;"POLSKA";"4 kwartał";"ogółem";"2023";;"zł";"";
0000000;"POLSKA";"4 kwartał";"ogółem";"2024";;"zł";"";
0000000;"POLSKA";"4 kwartał";"ogółem";"2025";;"zł";"";
0200000;"DOLNOŚLĄSKIE";"1 kwartał";"ogółem";"2005";2316,80;"zł";"";
0200000;"DOLNOŚLĄSKIE";"1 kwartał";"ogółem";"2006";2409,94;"zł";"";
0200000;"DOLNOŚLĄSKIE";"1 kwartał";"ogółem";"2007";2679,35;"zł";"";
0200000;"DOLNOŚLĄSKIE";"1 kwartał";"ogółem";"2008";2941,93;"zł";"";
0200000;"DOLNOŚLĄSKIE";"1 kwartał";"ogółem";"2009";3099,58;"zł";"";
0200000;"DOLNOŚLĄSKIE";"1 kwartał";"ogółem";"2010";3222,97;"zł";"";
0200000;"DOLNOŚLĄSKIE";"1 kwartał";"ogółem";"2011";3344,57;"zł";"";
0200000;"DOLNOŚLĄSKIE";"1 kwartał";"ogółem";"2012";3523,42;"zł";"";
0200000;"DOLNOŚLĄSKIE";"1 kwartał";"ogółem";"2013";3588,22;"zł";"";
0200000;"DOLNOŚLĄSKIE";"1 kwartał";"ogółem";"2014";3768,61;"zł";"";
0200000;"DOLNOŚLĄSKIE";"1 kwartał";"ogółem";"2015";3972,47;"zł";"";
0200000;"DOLNOŚLĄSKIE";"1 kwartał";"ogółem";"2016";4160,61;"zł";"";
0200000;"DOLNOŚLĄSKIE";"1 kwartał";"ogółem";"2017";4362,85;"zł";"";
0200000;"DOLNOŚLĄSKIE";"1 kwartał";"ogółem";"2018";4727,43;"zł";"";
0200000;"DOLNOŚLĄSKIE";"1 kwartał";"ogółem";"2019";5068,70;"zł";"";
0200000;"DOLNOŚLĄSKIE";"1 kwartał";"ogółem";"2020";5470,40;"zł";"";
0200000;"DOLNOŚLĄSKIE";"1 kwartał";"ogółem";"2021";5786,54;"zł";"";
0200000;"DOLNOŚLĄSKIE";"1 kwartał";"ogółem";"2022";6535,18;"zł";"";
0200000;"DOLNOŚLĄSKIE";"1 kwartał";"ogółem";"2023";7418,09;"zł";"";
0200000;"DOLNOŚLĄSKIE";"1 kwartał";"ogółem";"2024";8326,32;"zł";"";
0200000;"DOLNOŚLĄSKIE";"1 kwartał";"ogółem";"2025";8919,26;"zł";"";
0200000;"DOLNOŚLĄSKIE";"2 kwartał";"ogółem";"2005";2466,06;"zł";"";
0200000;"DOLNOŚLĄSKIE";"2 kwartał";"ogółem";"2006";2620,60;"zł";"";
0200000;"DOLNOŚLĄSKIE";"2 kwartał";"ogółem";"2007";2851,46;"zł";"";
0200000;"DOLNOŚLĄSKIE";"2 kwartał";"ogółem";"2008";3204,65;"zł";"";
0200000;"DOLNOŚLĄSKIE";"2 kwartał";"ogółem";"2009";3397,49;"zł";"";
0200000;"DOLNOŚLĄSKIE";"2 kwartał";"ogółem";"2010";3485,16;"zł";"";
0200000;"DOLNOŚLĄSKIE";"2 kwartał";"ogółem";"2011";;"zł";"";
0200000;"DOLNOŚLĄSKIE";"2 kwartał";"ogółem";"2012";;"zł";"";
0200000;"DOLNOŚLĄSKIE";"2 kwartał";"ogółem";"2013";;"zł";"";
0200000;"DOLNOŚLĄSKIE";"2 kwartał";"ogółem";"2014";;"zł";"";
0200000;"DOLNOŚLĄSKIE";"2 kwartał";"ogółem";"2015";;"zł";"";
0200000;"DOLNOŚLĄSKIE";"2 kwartał";"ogółem";"2016";;"zł";"";
0200000;"DOLNOŚLĄSKIE";"2 kwartał";"ogółem";"2017";;"zł";"";
0200000;"DOLNOŚLĄSKIE";"2 kwartał";"ogółem";"2018";;"zł";"";
0200000;"DOLNOŚLĄSKIE";"2 kwartał";"ogółem";"2019";;"zł";"";
0200000;"DOLNOŚLĄSKIE";"2 kwartał";"ogółem";"2020";;"zł";"";
0200000;"DOLNOŚLĄSKIE";"2 kwartał";"ogółem";"2021";;"zł";"";
0200000;"DOLNOŚLĄSKIE";"2 kwartał";"ogółem";"2022";;"zł";"";
0200000;"DOLNOŚLĄSKIE";"2 kwartał";"ogółem";"2023";;"zł";"";
0200000;"DOLNOŚLĄSKIE";"2 kwartał";"ogółem";"2024";;"zł";"";
0200000;"DOLNOŚLĄSKIE";"2 kwartał";"ogółem";"2025";;"zł";"";
0200000;"DOLNOŚLĄSKIE";"3 kwartał";"ogółem";"2005";2383,86;"zł";"";
0200000;"DOLNOŚLĄSKIE";"3 kwartał";"ogółem";"2006";2600,21;"zł";"";
0200000;"DOLNOŚLĄSKIE";"3 kwartał";"ogółem";"2007";2887,83;"zł";"";
0200000;"DOLNOŚLĄSKIE";"3 kwartał";"ogółem";"2008";3144,24;"zł";"";
0200000;"DOLNOŚLĄSKIE";"3 kwartał";"ogółem";"2009";3269,76;"zł";"";
0200000;"DOLNOŚLĄSKIE";"3 kwartał";"ogółem";"2010";3417,01;"zł";"";
0200000;"DOLNOŚLĄSKIE";"3 kwartał";"ogółem";"2011";;"zł";"";
0200000;"DOLNOŚLĄSKIE";"3 kwartał";"ogółem";"2012";;"zł";"";
0200000;"DOLNOŚLĄSKIE";"3 kwartał";"ogółem";"2013";;"zł";"";
0200000;"DOLNOŚLĄSKIE";"3 kwartał";"ogółem";"2014";;"zł";"";
0200000;"DOLNOŚLĄSKIE";"3 kwartał";"ogółem";"2015";;"zł";"";
0200000;"DOLNOŚLĄSKIE";"3 kwartał";"ogółem";"2016";;"zł";"";
0200000;"DOLNOŚLĄSKIE";"3 kwartał";"ogółem";"2017";;"zł";"";
0200000;"DOLNOŚLĄSKIE";"3 kwartał";"ogółem";"2018";;"zł";"";
0200000;"DOLNOŚLĄSKIE";"3 kwartał";"ogółem";"2019";;"zł";"";
0200000;"DOLNOŚLĄSKIE";"3 kwartał";"ogółem";"2020";;"zł";"";
0200000;"DOLNOŚLĄSKIE";"3 kwartał";"ogółem";"2021";;"zł";"";
0200000;"DOLNOŚLĄSKIE";"3 kwartał";"ogółem";"2022";;"zł";"";
0200000;"DOLNOŚLĄSKIE";"3 kwartał";"ogółem";"2023";;"zł";"";
0200000;"DOLNOŚLĄSKIE";"3 kwartał";"ogółem";"2024";;"zł";"";
0200000;"DOLNOŚLĄSKIE";"3 kwartał";"ogółem";"2025";;"zł";"";
0200000;"DOLNOŚLĄSKIE";"4 kwartał";"ogółem";"2005";2709,92;"zł";"";
0200000;"DOLNOŚLĄSKIE";"4 kwartał";"ogółem";"2006";2853,32;"zł";"";
0200000;"DOLNOŚLĄSKIE";"4 kwartał";"ogółem";"2007";3146,08;"zł";"";
0200000;"DOLNOŚLĄSKIE";"4 kwartał";"ogółem";"2008";3337,38;"zł";"";
0200000;"DOLNOŚLĄSKIE";"4 kwartał";"ogółem";"2009";3477,43;"zł";"";
0200000;"DOLNOŚLĄSKIE";"4 kwartał";"ogółem";"2010";3617,35;"zł";"";
0200000;"DOLNOŚLĄSKIE";"4 kwartał";"ogółem";"2011";;"zł";"";
0200000;"DOLNOŚLĄSKIE";"4 kwartał";"ogółem";"2012";;"zł";"";
0200000;"DOLNOŚLĄSKIE";"4 kwartał";"ogółem";"2013";;"zł";"";
0200000;"DOLNOŚLĄSKIE";"4 kwartał";"ogółem";"2014";;"zł";"";
0200000;"DOLNOŚLĄSKIE";"4 kwartał";"ogółem";"2015";;"zł";"";
0200000;"DOLNOŚLĄSKIE";"4 kwartał";"ogółem";"2016";;"zł";"";
0200000;"DOLNOŚLĄSKIE";"4 kwartał";"ogółem";"2017";;"zł";"";
0200000;"DOLNOŚLĄSKIE";"4 kwartał";"ogółem";"2018";;"zł";"";
0200000;"DOLNOŚLĄSKIE";"4 kwartał";"ogółem";"2019";;"zł";"";
0200000;"DOLNOŚLĄSKIE";"4 kwartał";"ogółem";"2020";;"zł";"";
0200000;"DOLNOŚLĄSKIE";"4 kwartał";"ogółem";"2021";;"zł";"";
0200000;"DOLNOŚLĄSKIE";"4 kwartał";"ogółem";"2022";;"zł";"";
0200000;"DOLNOŚLĄSKIE";"4 kwartał";"ogółem";"2023";;"zł";"";
0200000;"DOLNOŚLĄSKIE";"4 kwartał";"ogółem";"2024";;"zł";"";
0200000;"DOLNOŚLĄSKIE";"4 kwartał";"ogółem";"2025";;"zł";"";
0400000;"KUJAWSKO-POMORSKIE";"1 kwartał";"ogółem";"2005";2025,29;"zł";"";
0400000;"KUJAWSKO-POMORSKIE";"1 kwartał";"ogółem";"2006";2142,28;"zł";"";
0400000;"KUJAWSKO-POMORSKIE";"1 kwartał";"ogółem";"2007";2343,41;"zł";"";
0400000;"KUJAWSKO-POMORSKIE";"1 kwartał";"ogółem";"2008";2567,56;"zł";"";
0400000;"KUJAWSKO-POMORSKIE";"1 kwartał";"ogółem";"2009";2695,38;"zł";"";
0400000;"KUJAWSKO-POMORSKIE";"1 kwartał";"ogółem";"2010";2764,81;"zł";"";
0400000;"KUJAWSKO-POMORSKIE";"1 kwartał";"ogółem";"2011";2860,68;"zł";"";
0400000;"KUJAWSKO-POMORSKIE";"1 kwartał";"ogółem";"2012";3045,27;"zł";"";
0400000;"KUJAWSKO-POMORSKIE";"1 kwartał";"ogółem";"2013";3119,43;"zł";"";
0400000;"KUJAWSKO-POMORSKIE";"1 kwartał";"ogółem";"2014";3216,01;"zł";"";
0400000;"KUJAWSKO-POMORSKIE";"1 kwartał";"ogółem";"2015";3377,94;"zł";"";
0400000;"KUJAWSKO-POMORSKIE";"1 kwartał";"ogółem";"2016";3470,80;"zł";"";
0400000;"KUJAWSKO-POMORSKIE";"1 kwartał";"ogółem";"2017";3716,74;"zł";"";
0400000;"KUJAWSKO-POMORSKIE";"1 kwartał";"ogółem";"2018";3977,10;"zł";"";
0400000;"KUJAWSKO-POMORSKIE";"1 kwartał";"ogółem";"2019";4346,81;"zł";"";
0400000;"KUJAWSKO-POMORSKIE";"1 kwartał";"ogółem";"2020";4700,95;"zł";"";
0400000;"KUJAWSKO-POMORSKIE";"1 kwartał";"ogółem";"2021";5021,48;"zł";"";
0400000;"KUJAWSKO-POMORSKIE";"1 kwartał";"ogółem";"2022";5558,23;"zł";"";
0400000;"KUJAWSKO-POMORSKIE";"1 kwartał";"ogółem";"2023";6350,20;"zł";"";
0400000;"KUJAWSKO-POMORSKIE";"1 kwartał";"ogółem";"2024";7052,46;"zł";"";
0400000;"KUJAWSKO-POMORSKIE";"1 kwartał";"ogółem";"2025";7690,47;"zł";"";
0400000;"KUJAWSKO-POMORSKIE";"2 kwartał";"ogółem";"2005";2073,42;"zł";"";
0400000;"KUJAWSKO-POMORSKIE";"2 kwartał";"ogółem";"2006";2191,84;"zł";"";
0400000;"KUJAWSKO-POMORSKIE";"2 kwartał";"ogółem";"2007";2394,46;"zł";"";
0400000;"KUJAWSKO-POMORSKIE";"2 kwartał";"ogółem";"2008";2649,84;"zł";"";
0400000;"KUJAWSKO-POMORSKIE";"2 kwartał";"ogółem";"2009";2706,73;"zł";"";
0400000;"KUJAWSKO-POMORSKIE";"2 kwartał";"ogółem";"2010";2811,00;"zł";"";
0400000;"KUJAWSKO-POMORSKIE";"2 kwartał";"ogółem";"2011";;"zł";"";
0400000;"KUJAWSKO-POMORSKIE";"2 kwartał";"ogółem";"2012";;"zł";"";
0400000;"KUJAWSKO-POMORSKIE";"2 kwartał";"ogółem";"2013";;"zł";"";
0400000;"KUJAWSKO-POMORSKIE";"2 kwartał";"ogółem";"2014";;"zł";"";
0400000;"KUJAWSKO-POMORSKIE";"2 kwartał";"ogółem";"2015";;"zł";"";
0400000;"KUJAWSKO-POMORSKIE";"2 kwartał";"ogółem";"2016";;"zł";"";
0400000;"KUJAWSKO-POMORSKIE";"2 kwartał";"ogółem";"2017";;"zł";"";
0400000;"KUJAWSKO-POMORSKIE";"2 kwartał";"ogółem";"2018";;"zł";"";
0400000;"KUJAWSKO-POMORSKIE";"2 kwartał";"ogółem";"2019";;"zł";"";
0400000;"KUJAWSKO-POMORSKIE";"2 kwartał";"ogółem";"2020";;"zł";"";
0400000;"KUJAWSKO-POMORSKIE";"2 kwartał";"ogółem";"2021";;"zł";"";
0400000;"KUJAWSKO-POMORSKIE";"2 kwartał";"ogółem";"2022";;"zł";"";
0400000;"KUJAWSKO-POMORSKIE";"2 kwartał";"ogółem";"2023";;"zł";"";
0400000;"KUJAWSKO-POMORSKIE";"2 kwartał";"ogółem";"2024";;"zł";"";
0400000;"KUJAWSKO-POMORSKIE";"2 kwartał";"ogółem";"2025";;"zł";"";
0400000;"KUJAWSKO-POMORSKIE";"3 kwartał";"ogółem";"2005";2111,13;"zł";"";
0400000;"KUJAWSKO-POMORSKIE";"3 kwartał";"ogółem";"2006";2240,04;"zł";"";
0400000;"KUJAWSKO-POMORSKIE";"3 kwartał";"ogółem";"2007";2384,70;"zł";"";
0400000;"KUJAWSKO-POMORSKIE";"3 kwartał";"ogółem";"2008";2679,81;"zł";"";
0400000;"KUJAWSKO-POMORSKIE";"3 kwartał";"ogółem";"2009";2764,12;"zł";"";
0400000;"KUJAWSKO-POMORSKIE";"3 kwartał";"ogółem";"2010";2881,33;"zł";"";
0400000;"KUJAWSKO-POMORSKIE";"3 kwartał";"ogółem";"2011";;"zł";"";
0400000;"KUJAWSKO-POMORSKIE";"3 kwartał";"ogółem";"2012";;"zł";"";
0400000;"KUJAWSKO-POMORSKIE";"3 kwartał";"ogółem";"2013";;"zł";"";
0400000;"KUJAWSKO-POMORSKIE";"3 kwartał";"ogółem";"2014";;"zł";"";
0400000;"KUJAWSKO-POMORSKIE";"3 kwartał";"ogółem";"2015";;"zł";"";
0400000;"KUJAWSKO-POMORSKIE";"3 kwartał";"ogółem";"2016";;"zł";"";
0400000;"KUJAWSKO-POMORSKIE";"3 kwartał";"ogółem";"2017";;"zł";"";
0400000;"KUJAWSKO-POMORSKIE";"3 kwartał";"ogółem";"2018";;"zł";"";
0400000;"KUJAWSKO-POMORSKIE";"3 kwartał";"ogółem";"2019";;"zł";"";
0400000;"KUJAWSKO-POMORSKIE";"3 kwartał";"ogółem";"2020";;"zł";"";
0400000;"KUJAWSKO-POMORSKIE";"3 kwartał";"ogółem";"2021";;"zł";"";
0400000;"KUJAWSKO-POMORSKIE";"3 kwartał";"ogółem";"2022";;"zł";"";
0400000;"KUJAWSKO-POMORSKIE";"3 kwartał";"ogółem";"2023";;"zł";"";
0400000;"KUJAWSKO-POMORSKIE";"3 kwartał";"ogółem";"2024";;"zł";"";
0400000;"KUJAWSKO-POMORSKIE";"3 kwartał";"ogółem";"2025";;"zł";"";
0400000;"KUJAWSKO-POMORSKIE";"4 kwartał";"ogółem";"2005";2218,99;"zł";"";
0400000;"KUJAWSKO-POMORSKIE";"4 kwartał";"ogółem";"2006";2342,56;"zł";"";
0400000;"KUJAWSKO-POMORSKIE";"4 kwartał";"ogółem";"2007";2571,51;"zł";"";
0400000;"KUJAWSKO-POMORSKIE";"4 kwartał";"ogółem";"2008";2701,74;"zł";"";
0400000;"KUJAWSKO-POMORSKIE";"4 kwartał";"ogółem";"2009";2857,92;"zł";"";
0400000;"KUJAWSKO-POMORSKIE";"4 kwartał";"ogółem";"2010";2930,34;"zł";"";
0400000;"KUJAWSKO-POMORSKIE";"4 kwartał";"ogółem";"2011";;"zł";"";
0400000;"KUJAWSKO-POMORSKIE";"4 kwartał";"ogółem";"2012";;"zł";"";
0400000;"KUJAWSKO-POMORSKIE";"4 kwartał";"ogółem";"2013";;"zł";"";
0400000;"KUJAWSKO-POMORSKIE";"4 kwartał";"ogółem";"2014";;"zł";"";
0400000;"KUJAWSKO-POMORSKIE";"4 kwartał";"ogółem";"2015";;"zł";"";
0400000;"KUJAWSKO-POMORSKIE";"4 kwartał";"ogółem";"2016";;"zł";"";
0400000;"KUJAWSKO-POMORSKIE";"4 kwartał";"ogółem";"2017";;"zł";"";
0400000;"KUJAWSKO-POMORSKIE";"4 kwartał";"ogółem";"2018";;"zł";"";
0400000;"KUJAWSKO-POMORSKIE";"4 kwartał";"ogółem";"2019";;"zł";"";
0400000;"KUJAWSKO-POMORSKIE";"4 kwartał";"ogółem";"2020";;"zł";"";
0400000;"KUJAWSKO-POMORSKIE";"4 kwartał";"ogółem";"2021";;"zł";"";
0400000;"KUJAWSKO-POMORSKIE";"4 kwartał";"ogółem";"2022";;"zł";"";
0400000;"KUJAWSKO-POMORSKIE";"4 kwartał";"ogółem";"2023";;"zł";"";
0400000;"KUJAWSKO-POMORSKIE";"4 kwartał";"ogółem";"2024";;"zł";"";
0400000;"KUJAWSKO-POMORSKIE";"4 kwartał";"ogółem";"2025";;"zł";"";
0600000;"LUBELSKIE";"1 kwartał";"ogółem";"2005";1948,61;"zł";"";
0600000;"LUBELSKIE";"1 kwartał";"ogółem";"2006";2019,29;"zł";"";
0600000;"LUBELSKIE";"1 kwartał";"ogółem";"2007";2218,66;"zł";"";
0600000;"LUBELSKIE";"1 kwartał";"ogółem";"2008";2467,39;"zł";"";
0600000;"LUBELSKIE";"1 kwartał";"ogółem";"2009";2646,21;"zł";"";
0600000;"LUBELSKIE";"1 kwartał";"ogółem";"2010";2712,47;"zł";"";
0600000;"LUBELSKIE";"1 kwartał";"ogółem";"2011";2987,94;"zł";"";
0600000;"LUBELSKIE";"1 kwartał";"ogółem";"2012";3165,66;"zł";"";
0600000;"LUBELSKIE";"1 kwartał";"ogółem";"2013";3240,23;"zł";"";
0600000;"LUBELSKIE";"1 kwartał";"ogółem";"2014";3345,71;"zł";"";
0600000;"LUBELSKIE";"1 kwartał";"ogółem";"2015";3445,49;"zł";"";
0600000;"LUBELSKIE";"1 kwartał";"ogółem";"2016";3761,65;"zł";"";
0600000;"LUBELSKIE";"1 kwartał";"ogółem";"2017";3797,10;"zł";"";
0600000;"LUBELSKIE";"1 kwartał";"ogółem";"2018";4013,75;"zł";"";
0600000;"LUBELSKIE";"1 kwartał";"ogółem";"2019";4205,96;"zł";"";
0600000;"LUBELSKIE";"1 kwartał";"ogółem";"2020";4503,96;"zł";"";
0600000;"LUBELSKIE";"1 kwartał";"ogółem";"2021";4804,76;"zł";"";
0600000;"LUBELSKIE";"1 kwartał";"ogółem";"2022";5218,87;"zł";"";
0600000;"LUBELSKIE";"1 kwartał";"ogółem";"2023";6122,55;"zł";"";
0600000;"LUBELSKIE";"1 kwartał";"ogółem";"2024";6862,10;"zł";"";
0600000;"LUBELSKIE";"1 kwartał";"ogółem";"2025";7491,17;"zł";"";
0600000;"LUBELSKIE";"2 kwartał";"ogółem";"2005";2043,78;"zł";"";
0600000;"LUBELSKIE";"2 kwartał";"ogółem";"2006";2124,92;"zł";"";
0600000;"LUBELSKIE";"2 kwartał";"ogółem";"2007";2307,35;"zł";"";
0600000;"LUBELSKIE";"2 kwartał";"ogółem";"2008";2609,73;"zł";"";
0600000;"LUBELSKIE";"2 kwartał";"ogółem";"2009";2634,09;"zł";"";
0600000;"LUBELSKIE";"2 kwartał";"ogółem";"2010";2779,81;"zł";"";
0600000;"LUBELSKIE";"2 kwartał";"ogółem";"2011";;"zł";"";
0600000;"LUBELSKIE";"2 kwartał";"ogółem";"2012";;"zł";"";
0600000;"LUBELSKIE";"2 kwartał";"ogółem";"2013";;"zł";"";
0600000;"LUBELSKIE";"2 kwartał";"ogółem";"2014";;"zł";"";
0600000;"LUBELSKIE";"2 kwartał";"ogółem";"2015";;"zł";"";
0600000;"LUBELSKIE";"2 kwartał";"ogółem";"2016";;"zł";"";
0600000;"LUBELSKIE";"2 kwartał";"ogółem";"2017";;"zł";"";
0600000;"LUBELSKIE";"2 kwartał";"ogółem";"2018";;"zł";"";
0600000;"LUBELSKIE";"2 kwartał";"ogółem";"2019";;"zł";"";
0600000;"LUBELSKIE";"2 kwartał";"ogółem";"2020";;"zł";"";
0600000;"LUBELSKIE";"2 kwartał";"ogółem";"2021";;"zł";"";
0600000;"LUBELSKIE";"2 kwartał";"ogółem";"2022";;"zł";"";
0600000;"LUBELSKIE";"2 kwartał";"ogółem";"2023";;"zł";"";
0600000;"LUBELSKIE";"2 kwartał";"ogółem";"2024";;"zł";"";
0600000;"LUBELSKIE";"2 kwartał";"ogółem";"2025";;"zł";"";
0600000;"LUBELSKIE";"3 kwartał";"ogółem";"2005";2109,76;"zł";"";
0600000;"LUBELSKIE";"3 kwartał";"ogółem";"2006";2193,26;"zł";"";
0600000;"LUBELSKIE";"3 kwartał";"ogółem";"2007";2401,58;"zł";"";
0600000;"LUBELSKIE";"3 kwartał";"ogółem";"2008";2661,80;"zł";"";
0600000;"LUBELSKIE";"3 kwartał";"ogółem";"2009";2722,57;"zł";"";
0600000;"LUBELSKIE";"3 kwartał";"ogółem";"2010";2895,18;"zł";"";
0600000;"LUBELSKIE";"3 kwartał";"ogółem";"2011";;"zł";"";
0600000;"LUBELSKIE";"3 kwartał";"ogółem";"2012";;"zł";"";
0600000;"LUBELSKIE";"3 kwartał";"ogółem";"2013";;"zł";"";
0600000;"LUBELSKIE";"3 kwartał";"ogółem";"2014";;"zł";"";
0600000;"LUBELSKIE";"3 kwartał";"ogółem";"2015";;"zł";"";
0600000;"LUBELSKIE";"3 kwartał";"ogółem";"2016";;"zł";"";
0600000;"LUBELSKIE";"3 kwartał";"ogółem";"2017";;"zł";"";
0600000;"LUBELSKIE";"3 kwartał";"ogółem";"2018";;"zł";"";
0600000;"LUBELSKIE";"3 kwartał";"ogółem";"2019";;"zł";"";
0600000;"LUBELSKIE";"3 kwartał";"ogółem";"2020";;"zł";"";
0600000;"LUBELSKIE";"3 kwartał";"ogółem";"2021";;"zł";"";
0600000;"LUBELSKIE";"3 kwartał";"ogółem";"2022";;"zł";"";
0600000;"LUBELSKIE";"3 kwartał";"ogółem";"2023";;"zł";"";
0600000;"LUBELSKIE";"3 kwartał";"ogółem";"2024";;"zł";"";
0600000;"LUBELSKIE";"3 kwartał";"ogółem";"2025";;"zł";"";
0600000;"LUBELSKIE";"4 kwartał";"ogółem";"2005";2151,09;"zł";"";
0600000;"LUBELSKIE";"4 kwartał";"ogółem";"2006";2287,23;"zł";"";
0600000;"LUBELSKIE";"4 kwartał";"ogółem";"2007";2596,80;"zł";"";
0600000;"LUBELSKIE";"4 kwartał";"ogółem";"2008";2758,00;"zł";"";
0600000;"LUBELSKIE";"4 kwartał";"ogółem";"2009";2859,12;"zł";"";
0600000;"LUBELSKIE";"4 kwartał";"ogółem";"2010";3154,89;"zł";"";
0600000;"LUBELSKIE";"4 kwartał";"ogółem";"2011";;"zł";"";
0600000;"LUBELSKIE";"4 kwartał";"ogółem";"2012";;"zł";"";
0600000;"LUBELSKIE";"4 kwartał";"ogółem";"2013";;"zł";"";
0600000;"LUBELSKIE";"4 kwartał";"ogółem";"2014";;"zł";"";
0600000;"LUBELSKIE";"4 kwartał";"ogółem";"2015";;"zł";"";
0600000;"LUBELSKIE";"4 kwartał";"ogółem";"2016";;"zł";"";
0600000;"LUBELSKIE";"4 kwartał";"ogółem";"2017";;"zł";"";
0600000;"LUBELSKIE";"4 kwartał";"ogółem";"2018";;"zł";"";
0600000;"LUBELSKIE";"4 kwartał";"ogółem";"2019";;"zł";"";
0600000;"LUBELSKIE";"4 kwartał";"ogółem";"2020";;"zł";"";
0600000;"LUBELSKIE";"4 kwartał";"ogółem";"2021";;"zł";"";
0600000;"LUBELSKIE";"4 kwartał";"ogółem";"2022";;"zł";"";
0600000;"LUBELSKIE";"4 kwartał";"ogółem";"2023";;"zł";"";
0600000;"LUBELSKIE";"4 kwartał";"ogółem";"2024";;"zł";"";
0600000;"LUBELSKIE";"4 kwartał";"ogółem";"2025";;"zł";"";
0800000;"LUBUSKIE";"1 kwartał";"ogółem";"2005";1959,39;"zł";"";
0800000;"LUBUSKIE";"1 kwartał";"ogółem";"2006";2075,42;"zł";"";
0800000;"LUBUSKIE";"1 kwartał";"ogółem";"2007";2253,73;"zł";"";
0800000;"LUBUSKIE";"1 kwartał";"ogółem";"2008";2514,60;"zł";"";
0800000;"LUBUSKIE";"1 kwartał";"ogółem";"2009";2618,94;"zł";"";
0800000;"LUBUSKIE";"1 kwartał";"ogółem";"2010";2712,00;"zł";"";
0800000;"LUBUSKIE";"1 kwartał";"ogółem";"2011";2829,13;"zł";"";
0800000;"LUBUSKIE";"1 kwartał";"ogółem";"2012";2998,94;"zł";"";
0800000;"LUBUSKIE";"1 kwartał";"ogółem";"2013";3068,37;"zł";"";
0800000;"LUBUSKIE";"1 kwartał";"ogółem";"2014";3201,01;"zł";"";
0800000;"LUBUSKIE";"1 kwartał";"ogółem";"2015";3335,63;"zł";"";
0800000;"LUBUSKIE";"1 kwartał";"ogółem";"2016";3504,03;"zł";"";
0800000;"LUBUSKIE";"1 kwartał";"ogółem";"2017";3731,65;"zł";"";
0800000;"LUBUSKIE";"1 kwartał";"ogółem";"2018";4026,60;"zł";"";
0800000;"LUBUSKIE";"1 kwartał";"ogółem";"2019";4306,12;"zł";"";
0800000;"LUBUSKIE";"1 kwartał";"ogółem";"2020";4608,78;"zł";"";
0800000;"LUBUSKIE";"1 kwartał";"ogółem";"2021";4894,58;"zł";"";
0800000;"LUBUSKIE";"1 kwartał";"ogółem";"2022";5470,35;"zł";"";
0800000;"LUBUSKIE";"1 kwartał";"ogółem";"2023";6375,00;"zł";"";
0800000;"LUBUSKIE";"1 kwartał";"ogółem";"2024";7115,16;"zł";"";
0800000;"LUBUSKIE";"1 kwartał";"ogółem";"2025";7674,42;"zł";"";
0800000;"LUBUSKIE";"2 kwartał";"ogółem";"2005";2028,79;"zł";"";
0800000;"LUBUSKIE";"2 kwartał";"ogółem";"2006";2146,65;"zł";"";
0800000;"LUBUSKIE";"2 kwartał";"ogółem";"2007";2329,99;"zł";"";
0800000;"LUBUSKIE";"2 kwartał";"ogółem";"2008";2602,93;"zł";"";
0800000;"LUBUSKIE";"2 kwartał";"ogółem";"2009";2708,87;"zł";"";
0800000;"LUBUSKIE";"2 kwartał";"ogółem";"2010";2947,04;"zł";"";
0800000;"LUBUSKIE";"2 kwartał";"ogółem";"2011";;"zł";"";
0800000;"LUBUSKIE";"2 kwartał";"ogółem";"2012";;"zł";"";
0800000;"LUBUSKIE";"2 kwartał";"ogółem";"2013";;"zł";"";
0800000;"LUBUSKIE";"2 kwartał";"ogółem";"2014";;"zł";"";
0800000;"LUBUSKIE";"2 kwartał";"ogółem";"2015";;"zł";"";
0800000;"LUBUSKIE";"2 kwartał";"ogółem";"2016";;"zł";"";
0800000;"LUBUSKIE";"2 kwartał";"ogółem";"2017";;"zł";"";
0800000;"LUBUSKIE";"2 kwartał";"ogółem";"2018";;"zł";"";
0800000;"LUBUSKIE";"2 kwartał";"ogółem";"2019";;"zł";"";
0800000;"LUBUSKIE";"2 kwartał";"ogółem";"2020";;"zł";"";
0800000;"LUBUSKIE";"2 kwartał";"ogółem";"2021";;"zł";"";
0800000;"LUBUSKIE";"2 kwartał";"ogółem";"2022";;"zł";"";
0800000;"LUBUSKIE";"2 kwartał";"ogółem";"2023";;"zł";"";
0800000;"LUBUSKIE";"2 kwartał";"ogółem";"2024";;"zł";"";
0800000;"LUBUSKIE";"2 kwartał";"ogółem";"2025";;"zł";"";
0800000;"LUBUSKIE";"3 kwartał";"ogółem";"2005";2079,16;"zł";"";
0800000;"LUBUSKIE";"3 kwartał";"ogółem";"2006";2161,03;"zł";"";
0800000;"LUBUSKIE";"3 kwartał";"ogółem";"2007";2427,43;"zł";"";
0800000;"LUBUSKIE";"3 kwartał";"ogółem";"2008";2601,86;"zł";"";
0800000;"LUBUSKIE";"3 kwartał";"ogółem";"2009";2746,35;"zł";"";
0800000;"LUBUSKIE";"3 kwartał";"ogółem";"2010";2678,16;"zł";"";
0800000;"LUBUSKIE";"3 kwartał";"ogółem";"2011";;"zł";"";
0800000;"LUBUSKIE";"3 kwartał";"ogółem";"2012";;"zł";"";
0800000;"LUBUSKIE";"3 kwartał";"ogółem";"2013";;"zł";"";
0800000;"LUBUSKIE";"3 kwartał";"ogółem";"2014";;"zł";"";
0800000;"LUBUSKIE";"3 kwartał";"ogółem";"2015";;"zł";"";
0800000;"LUBUSKIE";"3 kwartał";"ogółem";"2016";;"zł";"";
0800000;"LUBUSKIE";"3 kwartał";"ogółem";"2017";;"zł";"";
0800000;"LUBUSKIE";"3 kwartał";"ogółem";"2018";;"zł";"";
0800000;"LUBUSKIE";"3 kwartał";"ogółem";"2019";;"zł";"";
0800000;"LUBUSKIE";"3 kwartał";"ogółem";"2020";;"zł";"";
0800000;"LUBUSKIE";"3 kwartał";"ogółem";"2021";;"zł";"";
0800000;"LUBUSKIE";"3 kwartał";"ogółem";"2022";;"zł";"";
0800000;"LUBUSKIE";"3 kwartał";"ogółem";"2023";;"zł";"";
0800000;"LUBUSKIE";"3 kwartał";"ogółem";"2024";;"zł";"";
0800000;"LUBUSKIE";"3 kwartał";"ogółem";"2025";;"zł";"";
0800000;"LUBUSKIE";"4 kwartał";"ogółem";"2005";2172,81;"zł";"";
0800000;"LUBUSKIE";"4 kwartał";"ogółem";"2006";2323,35;"zł";"";
0800000;"LUBUSKIE";"4 kwartał";"ogółem";"2007";2557,53;"zł";"";
0800000;"LUBUSKIE";"4 kwartał";"ogółem";"2008";2722,59;"zł";"";
0800000;"LUBUSKIE";"4 kwartał";"ogółem";"2009";2856,46;"zł";"";
0800000;"LUBUSKIE";"4 kwartał";"ogółem";"2010";2982,22;"zł";"";
0800000;"LUBUSKIE";"4 kwartał";"ogółem";"2011";;"zł";"";
0800000;"LUBUSKIE";"4 kwartał";"ogółem";"2012";;"zł";"";
0800000;"LUBUSKIE";"4 kwartał";"ogółem";"2013";;"zł";"";
0800000;"LUBUSKIE";"4 kwartał";"ogółem";"2014";;"zł";"";
0800000;"LUBUSKIE";"4 kwartał";"ogółem";"2015";;"zł";"";
0800000;"LUBUSKIE";"4 kwartał";"ogółem";"2016";;"zł";"";
0800000;"LUBUSKIE";"4 kwartał";"ogółem";"2017";;"zł";"";
0800000;"LUBUSKIE";"4 kwartał";"ogółem";"2018";;"zł";"";
0800000;"LUBUSKIE";"4 kwartał";"ogółem";"2019";;"zł";"";
0800000;"LUBUSKIE";"4 kwartał";"ogółem";"2020";;"zł";"";
0800000;"LUBUSKIE";"4 kwartał";"ogółem";"2021";;"zł";"";
0800000;"LUBUSKIE";"4 kwartał";"ogółem";"2022";;"zł";"";
0800000;"LUBUSKIE";"4 kwartał";"ogółem";"2023";;"zł";"";
0800000;"LUBUSKIE";"4 kwartał";"ogółem";"2024";;"zł";"";
0800000;"LUBUSKIE";"4 kwartał";"ogółem";"2025";;"zł";"";
1000000;"ŁÓDZKIE";"1 kwartał";"ogółem";"2005";2023,28;"zł";"";
1000000;"ŁÓDZKIE";"1 kwartał";"ogółem";"2006";2092,08;"zł";"";
1000000;"ŁÓDZKIE";"1 kwartał";"ogółem";"2007";2283,26;"zł";"";
1000000;"ŁÓDZKIE";"1 kwartał";"ogółem";"2008";2524,45;"zł";"";
1000000;"ŁÓDZKIE";"1 kwartał";"ogółem";"2009";2700,17;"zł";"";
1000000;"ŁÓDZKIE";"1 kwartał";"ogółem";"2010";2844,60;"zł";"";
1000000;"ŁÓDZKIE";"1 kwartał";"ogółem";"2011";3062,88;"zł";"";
1000000;"ŁÓDZKIE";"1 kwartał";"ogółem";"2012";3264,21;"zł";"";
1000000;"ŁÓDZKIE";"1 kwartał";"ogółem";"2013";3361,32;"zł";"";
1000000;"ŁÓDZKIE";"1 kwartał";"ogółem";"2014";3499,25;"zł";"";
1000000;"ŁÓDZKIE";"1 kwartał";"ogółem";"2015";3679,22;"zł";"";
1000000;"ŁÓDZKIE";"1 kwartał";"ogółem";"2016";3804,56;"zł";"";
1000000;"ŁÓDZKIE";"1 kwartał";"ogółem";"2017";3954,21;"zł";"";
1000000;"ŁÓDZKIE";"1 kwartał";"ogółem";"2018";4241,58;"zł";"";
1000000;"ŁÓDZKIE";"1 kwartał";"ogółem";"2019";4526,35;"zł";"";
1000000;"ŁÓDZKIE";"1 kwartał";"ogółem";"2020";4908,02;"zł";"";
1000000;"ŁÓDZKIE";"1 kwartał";"ogółem";"2021";5267,81;"zł";"";
1000000;"ŁÓDZKIE";"1 kwartał";"ogółem";"2022";5800,93;"zł";"";
1000000;"ŁÓDZKIE";"1 kwartał";"ogółem";"2023";6583,33;"zł";"";
1000000;"ŁÓDZKIE";"1 kwartał";"ogółem";"2024";7487,68;"zł";"";
1000000;"ŁÓDZKIE";"1 kwartał";"ogółem";"2025";8123,34;"zł";"";
1000000;"ŁÓDZKIE";"2 kwartał";"ogółem";"2005";2072,06;"zł";"";
1000000;"ŁÓDZKIE";"2 kwartał";"ogółem";"2006";2194,92;"zł";"";
1000000;"ŁÓDZKIE";"2 kwartał";"ogółem";"2007";2305,00;"zł";"";
1000000;"ŁÓDZKIE";"2 kwartał";"ogółem";"2008";2593,94;"zł";"";
1000000;"ŁÓDZKIE";"2 kwartał";"ogółem";"2009";2691,22;"zł";"";
1000000;"ŁÓDZKIE";"2 kwartał";"ogółem";"2010";2853,37;"zł";"";
1000000;"ŁÓDZKIE";"2 kwartał";"ogółem";"2011";;"zł";"";
1000000;"ŁÓDZKIE";"2 kwartał";"ogółem";"2012";;"zł";"";
1000000;"ŁÓDZKIE";"2 kwartał";"ogółem";"2013";;"zł";"";
1000000;"ŁÓDZKIE";"2 kwartał";"ogółem";"2014";;"zł";"";
1000000;"ŁÓDZKIE";"2 kwartał";"ogółem";"2015";;"zł";"";
1000000;"ŁÓDZKIE";"2 kwartał";"ogółem";"2016";;"zł";"";
1000000;"ŁÓDZKIE";"2 kwartał";"ogółem";"2017";;"zł";"";
1000000;"ŁÓDZKIE";"2 kwartał";"ogółem";"2018";;"zł";"";
1000000;"ŁÓDZKIE";"2 kwartał";"ogółem";"2019";;"zł";"";
1000000;"ŁÓDZKIE";"2 kwartał";"ogółem";"2020";;"zł";"";
1000000;"ŁÓDZKIE";"2 kwartał";"ogółem";"2021";;"zł";"";
1000000;"ŁÓDZKIE";"2 kwartał";"ogółem";"2022";;"zł";"";
1000000;"ŁÓDZKIE";"2 kwartał";"ogółem";"2023";;"zł";"";
1000000;"ŁÓDZKIE";"2 kwartał";"ogółem";"2024";;"zł";"";
1000000;"ŁÓDZKIE";"2 kwartał";"ogółem";"2025";;"zł";"";
1000000;"ŁÓDZKIE";"3 kwartał";"ogółem";"2005";2098,04;"zł";"";
1000000;"ŁÓDZKIE";"3 kwartał";"ogółem";"2006";2202,19;"zł";"";
1000000;"ŁÓDZKIE";"3 kwartał";"ogółem";"2007";2380,77;"zł";"";
1000000;"ŁÓDZKIE";"3 kwartał";"ogółem";"2008";2645,65;"zł";"";
1000000;"ŁÓDZKIE";"3 kwartał";"ogółem";"2009";2782,13;"zł";"";
1000000;"ŁÓDZKIE";"3 kwartał";"ogółem";"2010";2977,21;"zł";"";
1000000;"ŁÓDZKIE";"3 kwartał";"ogółem";"2011";;"zł";"";
1000000;"ŁÓDZKIE";"3 kwartał";"ogółem";"2012";;"zł";"";
1000000;"ŁÓDZKIE";"3 kwartał";"ogółem";"2013";;"zł";"";
1000000;"ŁÓDZKIE";"3 kwartał";"ogółem";"2014";;"zł";"";
1000000;"ŁÓDZKIE";"3 kwartał";"ogółem";"2015";;"zł";"";
1000000;"ŁÓDZKIE";"3 kwartał";"ogółem";"2016";;"zł";"";
1000000;"ŁÓDZKIE";"3 kwartał";"ogółem";"2017";;"zł";"";
1000000;"ŁÓDZKIE";"3 kwartał";"ogółem";"2018";;"zł";"";
1000000;"ŁÓDZKIE";"3 kwartał";"ogółem";"2019";;"zł";"";
1000000;"ŁÓDZKIE";"3 kwartał";"ogółem";"2020";;"zł";"";
1000000;"ŁÓDZKIE";"3 kwartał";"ogółem";"2021";;"zł";"";
1000000;"ŁÓDZKIE";"3 kwartał";"ogółem";"2022";;"zł";"";
1000000;"ŁÓDZKIE";"3 kwartał";"ogółem";"2023";;"zł";"";
1000000;"ŁÓDZKIE";"3 kwartał";"ogółem";"2024";;"zł";"";
1000000;"ŁÓDZKIE";"3 kwartał";"ogółem";"2025";;"zł";"";
1000000;"ŁÓDZKIE";"4 kwartał";"ogółem";"2005";2235,25;"zł";"";
1000000;"ŁÓDZKIE";"4 kwartał";"ogółem";"2006";2367,39;"zł";"";
1000000;"ŁÓDZKIE";"4 kwartał";"ogółem";"2007";2624,89;"zł";"";
1000000;"ŁÓDZKIE";"4 kwartał";"ogółem";"2008";2830,59;"zł";"";
1000000;"ŁÓDZKIE";"4 kwartał";"ogółem";"2009";2975,57;"zł";"";
1000000;"ŁÓDZKIE";"4 kwartał";"ogółem";"2010";3226,54;"zł";"";
1000000;"ŁÓDZKIE";"4 kwartał";"ogółem";"2011";;"zł";"";
1000000;"ŁÓDZKIE";"4 kwartał";"ogółem";"2012";;"zł";"";
1000000;"ŁÓDZKIE";"4 kwartał";"ogółem";"2013";;"zł";"";
1000000;"ŁÓDZKIE";"4 kwartał";"ogółem";"2014";;"zł";"";
1000000;"ŁÓDZKIE";"4 kwartał";"ogółem";"2015";;"zł";"";
1000000;"ŁÓDZKIE";"4 kwartał";"ogółem";"2016";;"zł";"";
1000000;"ŁÓDZKIE";"4 kwartał";"ogółem";"2017";;"zł";"";
1000000;"ŁÓDZKIE";"4 kwartał";"ogółem";"2018";;"zł";"";
1000000;"ŁÓDZKIE";"4 kwartał";"ogółem";"2019";;"zł";"";
1000000;"ŁÓDZKIE";"4 kwartał";"ogółem";"2020";;"zł";"";
1000000;"ŁÓDZKIE";"4 kwartał";"ogółem";"2021";;"zł";"";
1000000;"ŁÓDZKIE";"4 kwartał";"ogółem";"2022";;"zł";"";
1000000;"ŁÓDZKIE";"4 kwartał";"ogółem";"2023";;"zł";"";
1000000;"ŁÓDZKIE";"4 kwartał";"ogółem";"2024";;"zł";"";
1000000;"ŁÓDZKIE";"4 kwartał";"ogółem";"2025";;"zł";"";
1200000;"MAŁOPOLSKIE";"1 kwartał";"ogółem";"2005";2179,41;"zł";"";
1200000;"MAŁOPOLSKIE";"1 kwartał";"ogółem";"2006";2278,71;"zł";"";
1200000;"MAŁOPOLSKIE";"1 kwartał";"ogółem";"2007";2469,49;"zł";"";
1200000;"MAŁOPOLSKIE";"1 kwartał";"ogółem";"2008";2803,45;"zł";"";
1200000;"MAŁOPOLSKIE";"1 kwartał";"ogółem";"2009";2961,60;"zł";"";
1200000;"MAŁOPOLSKIE";"1 kwartał";"ogółem";"2010";3007,27;"zł";"";
1200000;"MAŁOPOLSKIE";"1 kwartał";"ogółem";"2011";3185,52;"zł";"";
1200000;"MAŁOPOLSKIE";"1 kwartał";"ogółem";"2012";3378,08;"zł";"";
1200000;"MAŁOPOLSKIE";"1 kwartał";"ogółem";"2013";3453,89;"zł";"";
1200000;"MAŁOPOLSKIE";"1 kwartał";"ogółem";"2014";3596,75;"zł";"";
1200000;"MAŁOPOLSKIE";"1 kwartał";"ogółem";"2015";3806,32;"zł";"";
1200000;"MAŁOPOLSKIE";"1 kwartał";"ogółem";"2016";4012,81;"zł";"";
1200000;"MAŁOPOLSKIE";"1 kwartał";"ogółem";"2017";4251,09;"zł";"";
1200000;"MAŁOPOLSKIE";"1 kwartał";"ogółem";"2018";4591,64;"zł";"";
1200000;"MAŁOPOLSKIE";"1 kwartał";"ogółem";"2019";4956,49;"zł";"";
1200000;"MAŁOPOLSKIE";"1 kwartał";"ogółem";"2020";5407,47;"zł";"";
1200000;"MAŁOPOLSKIE";"1 kwartał";"ogółem";"2021";5784,28;"zł";"";
1200000;"MAŁOPOLSKIE";"1 kwartał";"ogółem";"2022";6594,96;"zł";"";
1200000;"MAŁOPOLSKIE";"1 kwartał";"ogółem";"2023";7612,57;"zł";"";
1200000;"MAŁOPOLSKIE";"1 kwartał";"ogółem";"2024";8483,46;"zł";"";
1200000;"MAŁOPOLSKIE";"1 kwartał";"ogółem";"2025";9259,28;"zł";"";
1200000;"MAŁOPOLSKIE";"2 kwartał";"ogółem";"2005";2198,53;"zł";"";
1200000;"MAŁOPOLSKIE";"2 kwartał";"ogółem";"2006";2313,10;"zł";"";
1200000;"MAŁOPOLSKIE";"2 kwartał";"ogółem";"2007";2580,52;"zł";"";
1200000;"MAŁOPOLSKIE";"2 kwartał";"ogółem";"2008";2867,50;"zł";"";
1200000;"MAŁOPOLSKIE";"2 kwartał";"ogółem";"2009";3004,42;"zł";"";
1200000;"MAŁOPOLSKIE";"2 kwartał";"ogółem";"2010";3091,89;"zł";"";
1200000;"MAŁOPOLSKIE";"2 kwartał";"ogółem";"2011";;"zł";"";
1200000;"MAŁOPOLSKIE";"2 kwartał";"ogółem";"2012";;"zł";"";
1200000;"MAŁOPOLSKIE";"2 kwartał";"ogółem";"2013";;"zł";"";
1200000;"MAŁOPOLSKIE";"2 kwartał";"ogółem";"2014";;"zł";"";
1200000;"MAŁOPOLSKIE";"2 kwartał";"ogółem";"2015";;"zł";"";
1200000;"MAŁOPOLSKIE";"2 kwartał";"ogółem";"2016";;"zł";"";
1200000;"MAŁOPOLSKIE";"2 kwartał";"ogółem";"2017";;"zł";"";
1200000;"MAŁOPOLSKIE";"2 kwartał";"ogółem";"2018";;"zł";"";
1200000;"MAŁOPOLSKIE";"2 kwartał";"ogółem";"2019";;"zł";"";
1200000;"MAŁOPOLSKIE";"2 kwartał";"ogółem";"2020";;"zł";"";
1200000;"MAŁOPOLSKIE";"2 kwartał";"ogółem";"2021";;"zł";"";
1200000;"MAŁOPOLSKIE";"2 kwartał";"ogółem";"2022";;"zł";"";
1200000;"MAŁOPOLSKIE";"2 kwartał";"ogółem";"2023";;"zł";"";
1200000;"MAŁOPOLSKIE";"2 kwartał";"ogółem";"2024";;"zł";"";
1200000;"MAŁOPOLSKIE";"2 kwartał";"ogółem";"2025";;"zł";"";
1200000;"MAŁOPOLSKIE";"3 kwartał";"ogółem";"2005";2248,36;"zł";"";
1200000;"MAŁOPOLSKIE";"3 kwartał";"ogółem";"2006";2397,01;"zł";"";
1200000;"MAŁOPOLSKIE";"3 kwartał";"ogółem";"2007";2634,02;"zł";"";
1200000;"MAŁOPOLSKIE";"3 kwartał";"ogółem";"2008";2923,15;"zł";"";
1200000;"MAŁOPOLSKIE";"3 kwartał";"ogółem";"2009";2977,36;"zł";"";
1200000;"MAŁOPOLSKIE";"3 kwartał";"ogółem";"2010";3132,71;"zł";"";
1200000;"MAŁOPOLSKIE";"3 kwartał";"ogółem";"2011";;"zł";"";
1200000;"MAŁOPOLSKIE";"3 kwartał";"ogółem";"2012";;"zł";"";
1200000;"MAŁOPOLSKIE";"3 kwartał";"ogółem";"2013";;"zł";"";
1200000;"MAŁOPOLSKIE";"3 kwartał";"ogółem";"2014";;"zł";"";
1200000;"MAŁOPOLSKIE";"3 kwartał";"ogółem";"2015";;"zł";"";
1200000;"MAŁOPOLSKIE";"3 kwartał";"ogółem";"2016";;"zł";"";
1200000;"MAŁOPOLSKIE";"3 kwartał";"ogółem";"2017";;"zł";"";
1200000;"MAŁOPOLSKIE";"3 kwartał";"ogółem";"2018";;"zł";"";
1200000;"MAŁOPOLSKIE";"3 kwartał";"ogółem";"2019";;"zł";"";
1200000;"MAŁOPOLSKIE";"3 kwartał";"ogółem";"2020";;"zł";"";
1200000;"MAŁOPOLSKIE";"3 kwartał";"ogółem";"2021";;"zł";"";
1200000;"MAŁOPOLSKIE";"3 kwartał";"ogółem";"2022";;"zł";"";
1200000;"MAŁOPOLSKIE";"3 kwartał";"ogółem";"2023";;"zł";"";
1200000;"MAŁOPOLSKIE";"3 kwartał";"ogółem";"2024";;"zł";"";
1200000;"MAŁOPOLSKIE";"3 kwartał";"ogółem";"2025";;"zł";"";
1200000;"MAŁOPOLSKIE";"4 kwartał";"ogółem";"2005";2319,74;"zł";"";
1200000;"MAŁOPOLSKIE";"4 kwartał";"ogółem";"2006";2505,97;"zł";"";
1200000;"MAŁOPOLSKIE";"4 kwartał";"ogółem";"2007";2854,78;"zł";"";
1200000;"MAŁOPOLSKIE";"4 kwartał";"ogółem";"2008";3019,06;"zł";"";
1200000;"MAŁOPOLSKIE";"4 kwartał";"ogółem";"2009";3057,23;"zł";"";
1200000;"MAŁOPOLSKIE";"4 kwartał";"ogółem";"2010";3220,00;"zł";"";
1200000;"MAŁOPOLSKIE";"4 kwartał";"ogółem";"2011";;"zł";"";
1200000;"MAŁOPOLSKIE";"4 kwartał";"ogółem";"2012";;"zł";"";
1200000;"MAŁOPOLSKIE";"4 kwartał";"ogółem";"2013";;"zł";"";
1200000;"MAŁOPOLSKIE";"4 kwartał";"ogółem";"2014";;"zł";"";
1200000;"MAŁOPOLSKIE";"4 kwartał";"ogółem";"2015";;"zł";"";
1200000;"MAŁOPOLSKIE";"4 kwartał";"ogółem";"2016";;"zł";"";
1200000;"MAŁOPOLSKIE";"4 kwartał";"ogółem";"2017";;"zł";"";
1200000;"MAŁOPOLSKIE";"4 kwartał";"ogółem";"2018";;"zł";"";
1200000;"MAŁOPOLSKIE";"4 kwartał";"ogółem";"2019";;"zł";"";
1200000;"MAŁOPOLSKIE";"4 kwartał";"ogółem";"2020";;"zł";"";
1200000;"MAŁOPOLSKIE";"4 kwartał";"ogółem";"2021";;"zł";"";
1200000;"MAŁOPOLSKIE";"4 kwartał";"ogółem";"2022";;"zł";"";
1200000;"MAŁOPOLSKIE";"4 kwartał";"ogółem";"2023";;"zł";"";
1200000;"MAŁOPOLSKIE";"4 kwartał";"ogółem";"2024";;"zł";"";
1200000;"MAŁOPOLSKIE";"4 kwartał";"ogółem";"2025";;"zł";"";
1400000;"MAZOWIECKIE";"1 kwartał";"ogółem";"2005";3137,84;"zł";"";
1400000;"MAZOWIECKIE";"1 kwartał";"ogółem";"2006";3303,94;"zł";"";
1400000;"MAZOWIECKIE";"1 kwartał";"ogółem";"2007";3507,30;"zł";"";
1400000;"MAZOWIECKIE";"1 kwartał";"ogółem";"2008";3907,11;"zł";"";
1400000;"MAZOWIECKIE";"1 kwartał";"ogółem";"2009";4212,77;"zł";"";
1400000;"MAZOWIECKIE";"1 kwartał";"ogółem";"2010";4284,61;"zł";"";
1400000;"MAZOWIECKIE";"1 kwartał";"ogółem";"2011";4461,80;"zł";"";
1400000;"MAZOWIECKIE";"1 kwartał";"ogółem";"2012";4525,97;"zł";"";
1400000;"MAZOWIECKIE";"1 kwartał";"ogółem";"2013";4601,78;"zł";"";
1400000;"MAZOWIECKIE";"1 kwartał";"ogółem";"2014";4839,33;"zł";"";
1400000;"MAZOWIECKIE";"1 kwartał";"ogółem";"2015";4975,64;"zł";"";
1400000;"MAZOWIECKIE";"1 kwartał";"ogółem";"2016";5180,94;"zł";"";
1400000;"MAZOWIECKIE";"1 kwartał";"ogółem";"2017";5335,11;"zł";"";
1400000;"MAZOWIECKIE";"1 kwartał";"ogółem";"2018";5723,32;"zł";"";
1400000;"MAZOWIECKIE";"1 kwartał";"ogółem";"2019";6036,83;"zł";"";
1400000;"MAZOWIECKIE";"1 kwartał";"ogółem";"2020";6417,41;"zł";"";
1400000;"MAZOWIECKIE";"1 kwartał";"ogółem";"2021";6703,47;"zł";"";
1400000;"MAZOWIECKIE";"1 kwartał";"ogółem";"2022";7460,62;"zł";"";
1400000;"MAZOWIECKIE";"1 kwartał";"ogółem";"2023";8340,42;"zł";"";
1400000;"MAZOWIECKIE";"1 kwartał";"ogółem";"2024";9388,42;"zł";"";
1400000;"MAZOWIECKIE";"1 kwartał";"ogółem";"2025";10195,60;"zł";"";
1400000;"MAZOWIECKIE";"2 kwartał";"ogółem";"2005";3175,35;"zł";"";
1400000;"MAZOWIECKIE";"2 kwartał";"ogółem";"2006";3299,96;"zł";"";
1400000;"MAZOWIECKIE";"2 kwartał";"ogółem";"2007";3556,18;"zł";"";
1400000;"MAZOWIECKIE";"2 kwartał";"ogółem";"2008";4024,14;"zł";"";
1400000;"MAZOWIECKIE";"2 kwartał";"ogółem";"2009";4200,86;"zł";"";
1400000;"MAZOWIECKIE";"2 kwartał";"ogółem";"2010";4349,38;"zł";"";
1400000;"MAZOWIECKIE";"2 kwartał";"ogółem";"2011";;"zł";"";
1400000;"MAZOWIECKIE";"2 kwartał";"ogółem";"2012";;"zł";"";
1400000;"MAZOWIECKIE";"2 kwartał";"ogółem";"2013";;"zł";"";
1400000;"MAZOWIECKIE";"2 kwartał";"ogółem";"2014";;"zł";"";
1400000;"MAZOWIECKIE";"2 kwartał";"ogółem";"2015";;"zł";"";
1400000;"MAZOWIECKIE";"2 kwartał";"ogółem";"2016";;"zł";"";
1400000;"MAZOWIECKIE";"2 kwartał";"ogółem";"2017";;"zł";"";
1400000;"MAZOWIECKIE";"2 kwartał";"ogółem";"2018";;"zł";"";
1400000;"MAZOWIECKIE";"2 kwartał";"ogółem";"2019";;"zł";"";
1400000;"MAZOWIECKIE";"2 kwartał";"ogółem";"2020";;"zł";"";
1400000;"MAZOWIECKIE";"2 kwartał";"ogółem";"2021";;"zł";"";
1400000;"MAZOWIECKIE";"2 kwartał";"ogółem";"2022";;"zł";"";
1400000;"MAZOWIECKIE";"2 kwartał";"ogółem";"2023";;"zł";"";
1400000;"MAZOWIECKIE";"2 kwartał";"ogółem";"2024";;"zł";"";
1400000;"MAZOWIECKIE";"2 kwartał";"ogółem";"2025";;"zł";"";
1400000;"MAZOWIECKIE";"3 kwartał";"ogółem";"2005";3144,89;"zł";"";
1400000;"MAZOWIECKIE";"3 kwartał";"ogółem";"2006";3304,56;"zł";"";
1400000;"MAZOWIECKIE";"3 kwartał";"ogółem";"2007";3607,34;"zł";"";
1400000;"MAZOWIECKIE";"3 kwartał";"ogółem";"2008";4003,52;"zł";"";
1400000;"MAZOWIECKIE";"3 kwartał";"ogółem";"2009";4243,48;"zł";"";
1400000;"MAZOWIECKIE";"3 kwartał";"ogółem";"2010";4130,58;"zł";"";
1400000;"MAZOWIECKIE";"3 kwartał";"ogółem";"2011";;"zł";"";
1400000;"MAZOWIECKIE";"3 kwartał";"ogółem";"2012";;"zł";"";
1400000;"MAZOWIECKIE";"3 kwartał";"ogółem";"2013";;"zł";"";
1400000;"MAZOWIECKIE";"3 kwartał";"ogółem";"2014";;"zł";"";
1400000;"MAZOWIECKIE";"3 kwartał";"ogółem";"2015";;"zł";"";
1400000;"MAZOWIECKIE";"3 kwartał";"ogółem";"2016";;"zł";"";
1400000;"MAZOWIECKIE";"3 kwartał";"ogółem";"2017";;"zł";"";
1400000;"MAZOWIECKIE";"3 kwartał";"ogółem";"2018";;"zł";"";
1400000;"MAZOWIECKIE";"3 kwartał";"ogółem";"2019";;"zł";"";
1400000;"MAZOWIECKIE";"3 kwartał";"ogółem";"2020";;"zł";"";
1400000;"MAZOWIECKIE";"3 kwartał";"ogółem";"2021";;"zł";"";
1400000;"MAZOWIECKIE";"3 kwartał";"ogółem";"2022";;"zł";"";
1400000;"MAZOWIECKIE";"3 kwartał";"ogółem";"2023";;"zł";"";
1400000;"MAZOWIECKIE";"3 kwartał";"ogółem";"2024";;"zł";"";
1400000;"MAZOWIECKIE";"3 kwartał";"ogółem";"2025";;"zł";"";
1400000;"MAZOWIECKIE";"4 kwartał";"ogółem";"2005";3300,40;"zł";"";
1400000;"MAZOWIECKIE";"4 kwartał";"ogółem";"2006";3471,53;"zł";"";
1400000;"MAZOWIECKIE";"4 kwartał";"ogółem";"2007";3747,79;"zł";"";
1400000;"MAZOWIECKIE";"4 kwartał";"ogółem";"2008";4087,85;"zł";"";
1400000;"MAZOWIECKIE";"4 kwartał";"ogółem";"2009";4286,59;"zł";"";
1400000;"MAZOWIECKIE";"4 kwartał";"ogółem";"2010";4355,16;"zł";"";
1400000;"MAZOWIECKIE";"4 kwartał";"ogółem";"2011";;"zł";"";
1400000;"MAZOWIECKIE";"4 kwartał";"ogółem";"2012";;"zł";"";
1400000;"MAZOWIECKIE";"4 kwartał";"ogółem";"2013";;"zł";"";
1400000;"MAZOWIECKIE";"4 kwartał";"ogółem";"2014";;"zł";"";
1400000;"MAZOWIECKIE";"4 kwartał";"ogółem";"2015";;"zł";"";
1400000;"MAZOWIECKIE";"4 kwartał";"ogółem";"2016";;"zł";"";
1400000;"MAZOWIECKIE";"4 kwartał";"ogółem";"2017";;"zł";"";
1400000;"MAZOWIECKIE";"4 kwartał";"ogółem";"2018";;"zł";"";
1400000;"MAZOWIECKIE";"4 kwartał";"ogółem";"2019";;"zł";"";
1400000;"MAZOWIECKIE";"4 kwartał";"ogółem";"2020";;"zł";"";
1400000;"MAZOWIECKIE";"4 kwartał";"ogółem";"2021";;"zł";"";
1400000;"MAZOWIECKIE";"4 kwartał";"ogółem";"2022";;"zł";"";
1400000;"MAZOWIECKIE";"4 kwartał";"ogółem";"2023";;"zł";"";
1400000;"MAZOWIECKIE";"4 kwartał";"ogółem";"2024";;"zł";"";
1400000;"MAZOWIECKIE";"4 kwartał";"ogółem";"2025";;"zł";"";
1600000;"OPOLSKIE";"1 kwartał";"ogółem";"2005";2144,64;"zł";"";
1600000;"OPOLSKIE";"1 kwartał";"ogółem";"2006";2262,06;"zł";"";
1600000;"OPOLSKIE";"1 kwartał";"ogółem";"2007";2466,43;"zł";"";
1600000;"OPOLSKIE";"1 kwartał";"ogółem";"2008";2754,85;"zł";"";
1600000;"OPOLSKIE";"1 kwartał";"ogółem";"2009";2893,66;"zł";"";
1600000;"OPOLSKIE";"1 kwartał";"ogółem";"2010";2941,77;"zł";"";
1600000;"OPOLSKIE";"1 kwartał";"ogółem";"2011";3077,83;"zł";"";
1600000;"OPOLSKIE";"1 kwartał";"ogółem";"2012";3239,00;"zł";"";
1600000;"OPOLSKIE";"1 kwartał";"ogółem";"2013";3254,08;"zł";"";
1600000;"OPOLSKIE";"1 kwartał";"ogółem";"2014";3416,03;"zł";"";
1600000;"OPOLSKIE";"1 kwartał";"ogółem";"2015";3602,47;"zł";"";
1600000;"OPOLSKIE";"1 kwartał";"ogółem";"2016";3777,08;"zł";"";
1600000;"OPOLSKIE";"1 kwartał";"ogółem";"2017";3952,68;"zł";"";
1600000;"OPOLSKIE";"1 kwartał";"ogółem";"2018";4221,78;"zł";"";
1600000;"OPOLSKIE";"1 kwartał";"ogółem";"2019";4457,48;"zł";"";
1600000;"OPOLSKIE";"1 kwartał";"ogółem";"2020";4834,20;"zł";"";
1600000;"OPOLSKIE";"1 kwartał";"ogółem";"2021";5223,11;"zł";"";
1600000;"OPOLSKIE";"1 kwartał";"ogółem";"2022";5750,69;"zł";"";
1600000;"OPOLSKIE";"1 kwartał";"ogółem";"2023";6580,02;"zł";"";
1600000;"OPOLSKIE";"1 kwartał";"ogółem";"2024";7363,59;"zł";"";
1600000;"OPOLSKIE";"1 kwartał";"ogółem";"2025";7865,96;"zł";"";
1600000;"OPOLSKIE";"2 kwartał";"ogółem";"2005";2150,95;"zł";"";
1600000;"OPOLSKIE";"2 kwartał";"ogółem";"2006";2274,26;"zł";"";
1600000;"OPOLSKIE";"2 kwartał";"ogółem";"2007";2541,45;"zł";"";
1600000;"OPOLSKIE";"2 kwartał";"ogółem";"2008";2812,07;"zł";"";
1600000;"OPOLSKIE";"2 kwartał";"ogółem";"2009";2930,66;"zł";"";
1600000;"OPOLSKIE";"2 kwartał";"ogółem";"2010";3049,72;"zł";"";
1600000;"OPOLSKIE";"2 kwartał";"ogółem";"2011";;"zł";"";
1600000;"OPOLSKIE";"2 kwartał";"ogółem";"2012";;"zł";"";
1600000;"OPOLSKIE";"2 kwartał";"ogółem";"2013";;"zł";"";
1600000;"OPOLSKIE";"2 kwartał";"ogółem";"2014";;"zł";"";
1600000;"OPOLSKIE";"2 kwartał";"ogółem";"2015";;"zł";"";
1600000;"OPOLSKIE";"2 kwartał";"ogółem";"2016";;"zł";"";
1600000;"OPOLSKIE";"2 kwartał";"ogółem";"2017";;"zł";"";
1600000;"OPOLSKIE";"2 kwartał";"ogółem";"2018";;"zł";"";
1600000;"OPOLSKIE";"2 kwartał";"ogółem";"2019";;"zł";"";
1600000;"OPOLSKIE";"2 kwartał";"ogółem";"2020";;"zł";"";
1600000;"OPOLSKIE";"2 kwartał";"ogółem";"2021";;"zł";"";
1600000;"OPOLSKIE";"2 kwartał";"ogółem";"2022";;"zł";"";
1600000;"OPOLSKIE";"2 kwartał";"ogółem";"2023";;"zł";"";
1600000;"OPOLSKIE";"2 kwartał";"ogółem";"2024";;"zł";"";
1600000;"OPOLSKIE";"2 kwartał";"ogółem";"2025";;"zł";"";
1600000;"OPOLSKIE";"3 kwartał";"ogółem";"2005";2220,77;"zł";"";
1600000;"OPOLSKIE";"3 kwartał";"ogółem";"2006";2339,74;"zł";"";
1600000;"OPOLSKIE";"3 kwartał";"ogółem";"2007";2617,16;"zł";"";
1600000;"OPOLSKIE";"3 kwartał";"ogółem";"2008";2943,69;"zł";"";
1600000;"OPOLSKIE";"3 kwartał";"ogółem";"2009";2977,86;"zł";"";
1600000;"OPOLSKIE";"3 kwartał";"ogółem";"2010";3035,49;"zł";"";
1600000;"OPOLSKIE";"3 kwartał";"ogółem";"2011";;"zł";"";
1600000;"OPOLSKIE";"3 kwartał";"ogółem";"2012";;"zł";"";
1600000;"OPOLSKIE";"3 kwartał";"ogółem";"2013";;"zł";"";
1600000;"OPOLSKIE";"3 kwartał";"ogółem";"2014";;"zł";"";
1600000;"OPOLSKIE";"3 kwartał";"ogółem";"2015";;"zł";"";
1600000;"OPOLSKIE";"3 kwartał";"ogółem";"2016";;"zł";"";
1600000;"OPOLSKIE";"3 kwartał";"ogółem";"2017";;"zł";"";
1600000;"OPOLSKIE";"3 kwartał";"ogółem";"2018";;"zł";"";
1600000;"OPOLSKIE";"3 kwartał";"ogółem";"2019";;"zł";"";
1600000;"OPOLSKIE";"3 kwartał";"ogółem";"2020";;"zł";"";
1600000;"OPOLSKIE";"3 kwartał";"ogółem";"2021";;"zł";"";
1600000;"OPOLSKIE";"3 kwartał";"ogółem";"2022";;"zł";"";
1600000;"OPOLSKIE";"3 kwartał";"ogółem";"2023";;"zł";"";
1600000;"OPOLSKIE";"3 kwartał";"ogółem";"2024";;"zł";"";
1600000;"OPOLSKIE";"3 kwartał";"ogółem";"2025";;"zł";"";
1600000;"OPOLSKIE";"4 kwartał";"ogółem";"2005";2311,62;"zł";"";
1600000;"OPOLSKIE";"4 kwartał";"ogółem";"2006";2485,82;"zł";"";
1600000;"OPOLSKIE";"4 kwartał";"ogółem";"2007";2763,83;"zł";"";
1600000;"OPOLSKIE";"4 kwartał";"ogółem";"2008";2993,19;"zł";"";
1600000;"OPOLSKIE";"4 kwartał";"ogółem";"2009";3085,32;"zł";"";
1600000;"OPOLSKIE";"4 kwartał";"ogółem";"2010";3126,08;"zł";"";
1600000;"OPOLSKIE";"4 kwartał";"ogółem";"2011";;"zł";"";
1600000;"OPOLSKIE";"4 kwartał";"ogółem";"2012";;"zł";"";
1600000;"OPOLSKIE";"4 kwartał";"ogółem";"2013";;"zł";"";
1600000;"OPOLSKIE";"4 kwartał";"ogółem";"2014";;"zł";"";
1600000;"OPOLSKIE";"4 kwartał";"ogółem";"2015";;"zł";"";
1600000;"OPOLSKIE";"4 kwartał";"ogółem";"2016";;"zł";"";
1600000;"OPOLSKIE";"4 kwartał";"ogółem";"2017";;"zł";"";
1600000;"OPOLSKIE";"4 kwartał";"ogółem";"2018";;"zł";"";
1600000;"OPOLSKIE";"4 kwartał";"ogółem";"2019";;"zł";"";
1600000;"OPOLSKIE";"4 kwartał";"ogółem";"2020";;"zł";"";
1600000;"OPOLSKIE";"4 kwartał";"ogółem";"2021";;"zł";"";
1600000;"OPOLSKIE";"4 kwartał";"ogółem";"2022";;"zł";"";
1600000;"OPOLSKIE";"4 kwartał";"ogółem";"2023";;"zł";"";
1600000;"OPOLSKIE";"4 kwartał";"ogółem";"2024";;"zł";"";
1600000;"OPOLSKIE";"4 kwartał";"ogółem";"2025";;"zł";"";
1800000;"PODKARPACKIE";"1 kwartał";"ogółem";"2005";1914,68;"zł";"";
1800000;"PODKARPACKIE";"1 kwartał";"ogółem";"2006";1981,12;"zł";"";
1800000;"PODKARPACKIE";"1 kwartał";"ogółem";"2007";2169,38;"zł";"";
1800000;"PODKARPACKIE";"1 kwartał";"ogółem";"2008";2406,24;"zł";"";
1800000;"PODKARPACKIE";"1 kwartał";"ogółem";"2009";2508,54;"zł";"";
1800000;"PODKARPACKIE";"1 kwartał";"ogółem";"2010";2665,25;"zł";"";
1800000;"PODKARPACKIE";"1 kwartał";"ogółem";"2011";2800,06;"zł";"";
1800000;"PODKARPACKIE";"1 kwartał";"ogółem";"2012";2947,84;"zł";"";
1800000;"PODKARPACKIE";"1 kwartał";"ogółem";"2013";3047,99;"zł";"";
1800000;"PODKARPACKIE";"1 kwartał";"ogółem";"2014";3181,97;"zł";"";
1800000;"PODKARPACKIE";"1 kwartał";"ogółem";"2015";3326,50;"zł";"";
1800000;"PODKARPACKIE";"1 kwartał";"ogółem";"2016";3467,36;"zł";"";
1800000;"PODKARPACKIE";"1 kwartał";"ogółem";"2017";3647,80;"zł";"";
1800000;"PODKARPACKIE";"1 kwartał";"ogółem";"2018";3901,59;"zł";"";
1800000;"PODKARPACKIE";"1 kwartał";"ogółem";"2019";4133,96;"zł";"";
1800000;"PODKARPACKIE";"1 kwartał";"ogółem";"2020";4407,29;"zł";"";
1800000;"PODKARPACKIE";"1 kwartał";"ogółem";"2021";4719,40;"zł";"";
1800000;"PODKARPACKIE";"1 kwartał";"ogółem";"2022";5198,64;"zł";"";
1800000;"PODKARPACKIE";"1 kwartał";"ogółem";"2023";5845,54;"zł";"";
1800000;"PODKARPACKIE";"1 kwartał";"ogółem";"2024";6773,94;"zł";"";
1800000;"PODKARPACKIE";"1 kwartał";"ogółem";"2025";7430,43;"zł";"";
1800000;"PODKARPACKIE";"2 kwartał";"ogółem";"2005";1928,31;"zł";"";
1800000;"PODKARPACKIE";"2 kwartał";"ogółem";"2006";2029,49;"zł";"";
1800000;"PODKARPACKIE";"2 kwartał";"ogółem";"2007";2257,52;"zł";"";
1800000;"PODKARPACKIE";"2 kwartał";"ogółem";"2008";2523,98;"zł";"";
1800000;"PODKARPACKIE";"2 kwartał";"ogółem";"2009";2595,66;"zł";"";
1800000;"PODKARPACKIE";"2 kwartał";"ogółem";"2010";2711,73;"zł";"";
1800000;"PODKARPACKIE";"2 kwartał";"ogółem";"2011";;"zł";"";
1800000;"PODKARPACKIE";"2 kwartał";"ogółem";"2012";;"zł";"";
1800000;"PODKARPACKIE";"2 kwartał";"ogółem";"2013";;"zł";"";
1800000;"PODKARPACKIE";"2 kwartał";"ogółem";"2014";;"zł";"";
1800000;"PODKARPACKIE";"2 kwartał";"ogółem";"2015";;"zł";"";
1800000;"PODKARPACKIE";"2 kwartał";"ogółem";"2016";;"zł";"";
1800000;"PODKARPACKIE";"2 kwartał";"ogółem";"2017";;"zł";"";
1800000;"PODKARPACKIE";"2 kwartał";"ogółem";"2018";;"zł";"";
1800000;"PODKARPACKIE";"2 kwartał";"ogółem";"2019";;"zł";"";
1800000;"PODKARPACKIE";"2 kwartał";"ogółem";"2020";;"zł";"";
1800000;"PODKARPACKIE";"2 kwartał";"ogółem";"2021";;"zł";"";
1800000;"PODKARPACKIE";"2 kwartał";"ogółem";"2022";;"zł";"";
1800000;"PODKARPACKIE";"2 kwartał";"ogółem";"2023";;"zł";"";
1800000;"PODKARPACKIE";"2 kwartał";"ogółem";"2024";;"zł";"";
1800000;"PODKARPACKIE";"2 kwartał";"ogółem";"2025";;"zł";"";
1800000;"PODKARPACKIE";"3 kwartał";"ogółem";"2005";1999,07;"zł";"";
1800000;"PODKARPACKIE";"3 kwartał";"ogółem";"2006";2092,59;"zł";"";
1800000;"PODKARPACKIE";"3 kwartał";"ogółem";"2007";2315,75;"zł";"";
1800000;"PODKARPACKIE";"3 kwartał";"ogółem";"2008";2587,01;"zł";"";
1800000;"PODKARPACKIE";"3 kwartał";"ogółem";"2009";2672,72;"zł";"";
1800000;"PODKARPACKIE";"3 kwartał";"ogółem";"2010";2812,77;"zł";"";
1800000;"PODKARPACKIE";"3 kwartał";"ogółem";"2011";;"zł";"";
1800000;"PODKARPACKIE";"3 kwartał";"ogółem";"2012";;"zł";"";
1800000;"PODKARPACKIE";"3 kwartał";"ogółem";"2013";;"zł";"";
1800000;"PODKARPACKIE";"3 kwartał";"ogółem";"2014";;"zł";"";
1800000;"PODKARPACKIE";"3 kwartał";"ogółem";"2015";;"zł";"";
1800000;"PODKARPACKIE";"3 kwartał";"ogółem";"2016";;"zł";"";
1800000;"PODKARPACKIE";"3 kwartał";"ogółem";"2017";;"zł";"";
1800000;"PODKARPACKIE";"3 kwartał";"ogółem";"2018";;"zł";"";
1800000;"PODKARPACKIE";"3 kwartał";"ogółem";"2019";;"zł";"";
1800000;"PODKARPACKIE";"3 kwartał";"ogółem";"2020";;"zł";"";
1800000;"PODKARPACKIE";"3 kwartał";"ogółem";"2021";;"zł";"";
1800000;"PODKARPACKIE";"3 kwartał";"ogółem";"2022";;"zł";"";
1800000;"PODKARPACKIE";"3 kwartał";"ogółem";"2023";;"zł";"";
1800000;"PODKARPACKIE";"3 kwartał";"ogółem";"2024";;"zł";"";
1800000;"PODKARPACKIE";"3 kwartał";"ogółem";"2025";;"zł";"";
1800000;"PODKARPACKIE";"4 kwartał";"ogółem";"2005";2090,20;"zł";"";
1800000;"PODKARPACKIE";"4 kwartał";"ogółem";"2006";2223,04;"zł";"";
1800000;"PODKARPACKIE";"4 kwartał";"ogółem";"2007";2425,84;"zł";"";
1800000;"PODKARPACKIE";"4 kwartał";"ogółem";"2008";2632,98;"zł";"";
1800000;"PODKARPACKIE";"4 kwartał";"ogółem";"2009";2777,92;"zł";"";
1800000;"PODKARPACKIE";"4 kwartał";"ogółem";"2010";2912,56;"zł";"";
1800000;"PODKARPACKIE";"4 kwartał";"ogółem";"2011";;"zł";"";
1800000;"PODKARPACKIE";"4 kwartał";"ogółem";"2012";;"zł";"";
1800000;"PODKARPACKIE";"4 kwartał";"ogółem";"2013";;"zł";"";
1800000;"PODKARPACKIE";"4 kwartał";"ogółem";"2014";;"zł";"";
1800000;"PODKARPACKIE";"4 kwartał";"ogółem";"2015";;"zł";"";
1800000;"PODKARPACKIE";"4 kwartał";"ogółem";"2016";;"zł";"";
1800000;"PODKARPACKIE";"4 kwartał";"ogółem";"2017";;"zł";"";
1800000;"PODKARPACKIE";"4 kwartał";"ogółem";"2018";;"zł";"";
1800000;"PODKARPACKIE";"4 kwartał";"ogółem";"2019";;"zł";"";
1800000;"PODKARPACKIE";"4 kwartał";"ogółem";"2020";;"zł";"";
1800000;"PODKARPACKIE";"4 kwartał";"ogółem";"2021";;"zł";"";
1800000;"PODKARPACKIE";"4 kwartał";"ogółem";"2022";;"zł";"";
1800000;"PODKARPACKIE";"4 kwartał";"ogółem";"2023";;"zł";"";
1800000;"PODKARPACKIE";"4 kwartał";"ogółem";"2024";;"zł";"";
1800000;"PODKARPACKIE";"4 kwartał";"ogółem";"2025";;"zł";"";
2000000;"PODLASKIE";"1 kwartał";"ogółem";"2005";2010,68;"zł";"";
2000000;"PODLASKIE";"1 kwartał";"ogółem";"2006";2114,23;"zł";"";
2000000;"PODLASKIE";"1 kwartał";"ogółem";"2007";2318,28;"zł";"";
2000000;"PODLASKIE";"1 kwartał";"ogółem";"2008";2594,75;"zł";"";
2000000;"PODLASKIE";"1 kwartał";"ogółem";"2009";2686,84;"zł";"";
2000000;"PODLASKIE";"1 kwartał";"ogółem";"2010";2795,80;"zł";"";
2000000;"PODLASKIE";"1 kwartał";"ogółem";"2011";2864,29;"zł";"";
2000000;"PODLASKIE";"1 kwartał";"ogółem";"2012";3060,38;"zł";"";
2000000;"PODLASKIE";"1 kwartał";"ogółem";"2013";3084,36;"zł";"";
2000000;"PODLASKIE";"1 kwartał";"ogółem";"2014";3193,22;"zł";"";
2000000;"PODLASKIE";"1 kwartał";"ogółem";"2015";3337,76;"zł";"";
2000000;"PODLASKIE";"1 kwartał";"ogółem";"2016";3473,46;"zł";"";
2000000;"PODLASKIE";"1 kwartał";"ogółem";"2017";3683,39;"zł";"";
2000000;"PODLASKIE";"1 kwartał";"ogółem";"2018";3938,26;"zł";"";
2000000;"PODLASKIE";"1 kwartał";"ogółem";"2019";4210,12;"zł";"";
2000000;"PODLASKIE";"1 kwartał";"ogółem";"2020";4525,75;"zł";"";
2000000;"PODLASKIE";"1 kwartał";"ogółem";"2021";4770,63;"zł";"";
2000000;"PODLASKIE";"1 kwartał";"ogółem";"2022";5373,06;"zł";"";
2000000;"PODLASKIE";"1 kwartał";"ogółem";"2023";6090,45;"zł";"";
2000000;"PODLASKIE";"1 kwartał";"ogółem";"2024";6805,63;"zł";"";
2000000;"PODLASKIE";"1 kwartał";"ogółem";"2025";7341,48;"zł";"";
2000000;"PODLASKIE";"2 kwartał";"ogółem";"2005";2018,30;"zł";"";
2000000;"PODLASKIE";"2 kwartał";"ogółem";"2006";2126,46;"zł";"";
2000000;"PODLASKIE";"2 kwartał";"ogółem";"2007";2411,88;"zł";"";
2000000;"PODLASKIE";"2 kwartał";"ogółem";"2008";2661,79;"zł";"";
2000000;"PODLASKIE";"2 kwartał";"ogółem";"2009";2699,33;"zł";"";
2000000;"PODLASKIE";"2 kwartał";"ogółem";"2010";2824,55;"zł";"";
2000000;"PODLASKIE";"2 kwartał";"ogółem";"2011";;"zł";"";
2000000;"PODLASKIE";"2 kwartał";"ogółem";"2012";;"zł";"";
2000000;"PODLASKIE";"2 kwartał";"ogółem";"2013";;"zł";"";
2000000;"PODLASKIE";"2 kwartał";"ogółem";"2014";;"zł";"";
2000000;"PODLASKIE";"2 kwartał";"ogółem";"2015";;"zł";"";
2000000;"PODLASKIE";"2 kwartał";"ogółem";"2016";;"zł";"";
2000000;"PODLASKIE";"2 kwartał";"ogółem";"2017";;"zł";"";
2000000;"PODLASKIE";"2 kwartał";"ogółem";"2018";;"zł";"";
2000000;"PODLASKIE";"2 kwartał";"ogółem";"2019";;"zł";"";
2000000;"PODLASKIE";"2 kwartał";"ogółem";"2020";;"zł";"";
2000000;"PODLASKIE";"2 kwartał";"ogółem";"2021";;"zł";"";
2000000;"PODLASKIE";"2 kwartał";"ogółem";"2022";;"zł";"";
2000000;"PODLASKIE";"2 kwartał";"ogółem";"2023";;"zł";"";
2000000;"PODLASKIE";"2 kwartał";"ogółem";"2024";;"zł";"";
2000000;"PODLASKIE";"2 kwartał";"ogółem";"2025";;"zł";"";
2000000;"PODLASKIE";"3 kwartał";"ogółem";"2005";2124,30;"zł";"";
2000000;"PODLASKIE";"3 kwartał";"ogółem";"2006";2220,36;"zł";"";
2000000;"PODLASKIE";"3 kwartał";"ogółem";"2007";2560,90;"zł";"";
2000000;"PODLASKIE";"3 kwartał";"ogółem";"2008";2780,11;"zł";"";
2000000;"PODLASKIE";"3 kwartał";"ogółem";"2009";2814,46;"zł";"";
2000000;"PODLASKIE";"3 kwartał";"ogółem";"2010";2951,37;"zł";"";
2000000;"PODLASKIE";"3 kwartał";"ogółem";"2011";;"zł";"";
2000000;"PODLASKIE";"3 kwartał";"ogółem";"2012";;"zł";"";
2000000;"PODLASKIE";"3 kwartał";"ogółem";"2013";;"zł";"";
2000000;"PODLASKIE";"3 kwartał";"ogółem";"2014";;"zł";"";
2000000;"PODLASKIE";"3 kwartał";"ogółem";"2015";;"zł";"";
2000000;"PODLASKIE";"3 kwartał";"ogółem";"2016";;"zł";"";
2000000;"PODLASKIE";"3 kwartał";"ogółem";"2017";;"zł";"";
2000000;"PODLASKIE";"3 kwartał";"ogółem";"2018";;"zł";"";
2000000;"PODLASKIE";"3 kwartał";"ogółem";"2019";;"zł";"";
2000000;"PODLASKIE";"3 kwartał";"ogółem";"2020";;"zł";"";
2000000;"PODLASKIE";"3 kwartał";"ogółem";"2021";;"zł";"";
2000000;"PODLASKIE";"3 kwartał";"ogółem";"2022";;"zł";"";
2000000;"PODLASKIE";"3 kwartał";"ogółem";"2023";;"zł";"";
2000000;"PODLASKIE";"3 kwartał";"ogółem";"2024";;"zł";"";
2000000;"PODLASKIE";"3 kwartał";"ogółem";"2025";;"zł";"";
2000000;"PODLASKIE";"4 kwartał";"ogółem";"2005";2212,58;"zł";"";
2000000;"PODLASKIE";"4 kwartał";"ogółem";"2006";2446,92;"zł";"";
2000000;"PODLASKIE";"4 kwartał";"ogółem";"2007";2691,84;"zł";"";
2000000;"PODLASKIE";"4 kwartał";"ogółem";"2008";2796,53;"zł";"";
2000000;"PODLASKIE";"4 kwartał";"ogółem";"2009";2835,12;"zł";"";
2000000;"PODLASKIE";"4 kwartał";"ogółem";"2010";3012,52;"zł";"";
2000000;"PODLASKIE";"4 kwartał";"ogółem";"2011";;"zł";"";
2000000;"PODLASKIE";"4 kwartał";"ogółem";"2012";;"zł";"";
2000000;"PODLASKIE";"4 kwartał";"ogółem";"2013";;"zł";"";
2000000;"PODLASKIE";"4 kwartał";"ogółem";"2014";;"zł";"";
2000000;"PODLASKIE";"4 kwartał";"ogółem";"2015";;"zł";"";
2000000;"PODLASKIE";"4 kwartał";"ogółem";"2016";;"zł";"";
2000000;"PODLASKIE";"4 kwartał";"ogółem";"2017";;"zł";"";
2000000;"PODLASKIE";"4 kwartał";"ogółem";"2018";;"zł";"";
2000000;"PODLASKIE";"4 kwartał";"ogółem";"2019";;"zł";"";
2000000;"PODLASKIE";"4 kwartał";"ogółem";"2020";;"zł";"";
2000000;"PODLASKIE";"4 kwartał";"ogółem";"2021";;"zł";"";
2000000;"PODLASKIE";"4 kwartał";"ogółem";"2022";;"zł";"";
2000000;"PODLASKIE";"4 kwartał";"ogółem";"2023";;"zł";"";
2000000;"PODLASKIE";"4 kwartał";"ogółem";"2024";;"zł";"";
2000000;"PODLASKIE";"4 kwartał";"ogółem";"2025";;"zł";"";
2200000;"POMORSKIE";"1 kwartał";"ogółem";"2005";2410,85;"zł";"";
2200000;"POMORSKIE";"1 kwartał";"ogółem";"2006";2532,50;"zł";"";
2200000;"POMORSKIE";"1 kwartał";"ogółem";"2007";2823,40;"zł";"";
2200000;"POMORSKIE";"1 kwartał";"ogółem";"2008";3137,02;"zł";"";
2200000;"POMORSKIE";"1 kwartał";"ogółem";"2009";3259,93;"zł";"";
2200000;"POMORSKIE";"1 kwartał";"ogółem";"2010";3338,25;"zł";"";
2200000;"POMORSKIE";"1 kwartał";"ogółem";"2011";3401,56;"zł";"";
2200000;"POMORSKIE";"1 kwartał";"ogółem";"2012";3653,29;"zł";"";
2200000;"POMORSKIE";"1 kwartał";"ogółem";"2013";3777,60;"zł";"";
2200000;"POMORSKIE";"1 kwartał";"ogółem";"2014";3934,85;"zł";"";
2200000;"POMORSKIE";"1 kwartał";"ogółem";"2015";4149,64;"zł";"";
2200000;"POMORSKIE";"1 kwartał";"ogółem";"2016";4281,79;"zł";"";
2200000;"POMORSKIE";"1 kwartał";"ogółem";"2017";4539,72;"zł";"";
2200000;"POMORSKIE";"1 kwartał";"ogółem";"2018";4805,50;"zł";"";
2200000;"POMORSKIE";"1 kwartał";"ogółem";"2019";5161,52;"zł";"";
2200000;"POMORSKIE";"1 kwartał";"ogółem";"2020";5554,31;"zł";"";
2200000;"POMORSKIE";"1 kwartał";"ogółem";"2021";5805,51;"zł";"";
2200000;"POMORSKIE";"1 kwartał";"ogółem";"2022";6574,32;"zł";"";
2200000;"POMORSKIE";"1 kwartał";"ogółem";"2023";7357,56;"zł";"";
2200000;"POMORSKIE";"1 kwartał";"ogółem";"2024";8194,35;"zł";"";
2200000;"POMORSKIE";"1 kwartał";"ogółem";"2025";8849,77;"zł";"";
2200000;"POMORSKIE";"2 kwartał";"ogółem";"2005";2498,22;"zł";"";
2200000;"POMORSKIE";"2 kwartał";"ogółem";"2006";2623,33;"zł";"";
2200000;"POMORSKIE";"2 kwartał";"ogółem";"2007";2932,53;"zł";"";
2200000;"POMORSKIE";"2 kwartał";"ogółem";"2008";3238,82;"zł";"";
2200000;"POMORSKIE";"2 kwartał";"ogółem";"2009";3305,98;"zł";"";
2200000;"POMORSKIE";"2 kwartał";"ogółem";"2010";3324,81;"zł";"";
2200000;"POMORSKIE";"2 kwartał";"ogółem";"2011";;"zł";"";
2200000;"POMORSKIE";"2 kwartał";"ogółem";"2012";;"zł";"";
2200000;"POMORSKIE";"2 kwartał";"ogółem";"2013";;"zł";"";
2200000;"POMORSKIE";"2 kwartał";"ogółem";"2014";;"zł";"";
2200000;"POMORSKIE";"2 kwartał";"ogółem";"2015";;"zł";"";
2200000;"POMORSKIE";"2 kwartał";"ogółem";"2016";;"zł";"";
2200000;"POMORSKIE";"2 kwartał";"ogółem";"2017";;"zł";"";
2200000;"POMORSKIE";"2 kwartał";"ogółem";"2018";;"zł";"";
2200000;"POMORSKIE";"2 kwartał";"ogółem";"2019";;"zł";"";
2200000;"POMORSKIE";"2 kwartał";"ogółem";"2020";;"zł";"";
2200000;"POMORSKIE";"2 kwartał";"ogółem";"2021";;"zł";"";
2200000;"POMORSKIE";"2 kwartał";"ogółem";"2022";;"zł";"";
2200000;"POMORSKIE";"2 kwartał";"ogółem";"2023";;"zł";"";
2200000;"POMORSKIE";"2 kwartał";"ogółem";"2024";;"zł";"";
2200000;"POMORSKIE";"2 kwartał";"ogółem";"2025";;"zł";"";
2200000;"POMORSKIE";"3 kwartał";"ogółem";"2005";2536,70;"zł";"";
2200000;"POMORSKIE";"3 kwartał";"ogółem";"2006";2679,05;"zł";"";
2200000;"POMORSKIE";"3 kwartał";"ogółem";"2007";3060,32;"zł";"";
2200000;"POMORSKIE";"3 kwartał";"ogółem";"2008";3255,40;"zł";"";
2200000;"POMORSKIE";"3 kwartał";"ogółem";"2009";3309,90;"zł";"";
2200000;"POMORSKIE";"3 kwartał";"ogółem";"2010";3387,82;"zł";"";
2200000;"POMORSKIE";"3 kwartał";"ogółem";"2011";;"zł";"";
2200000;"POMORSKIE";"3 kwartał";"ogółem";"2012";;"zł";"";
2200000;"POMORSKIE";"3 kwartał";"ogółem";"2013";;"zł";"";
2200000;"POMORSKIE";"3 kwartał";"ogółem";"2014";;"zł";"";
2200000;"POMORSKIE";"3 kwartał";"ogółem";"2015";;"zł";"";
2200000;"POMORSKIE";"3 kwartał";"ogółem";"2016";;"zł";"";
2200000;"POMORSKIE";"3 kwartał";"ogółem";"2017";;"zł";"";
2200000;"POMORSKIE";"3 kwartał";"ogółem";"2018";;"zł";"";
2200000;"POMORSKIE";"3 kwartał";"ogółem";"2019";;"zł";"";
2200000;"POMORSKIE";"3 kwartał";"ogółem";"2020";;"zł";"";
2200000;"POMORSKIE";"3 kwartał";"ogółem";"2021";;"zł";"";
2200000;"POMORSKIE";"3 kwartał";"ogółem";"2022";;"zł";"";
2200000;"POMORSKIE";"3 kwartał";"ogółem";"2023";;"zł";"";
2200000;"POMORSKIE";"3 kwartał";"ogółem";"2024";;"zł";"";
2200000;"POMORSKIE";"3 kwartał";"ogółem";"2025";;"zł";"";
2200000;"POMORSKIE";"4 kwartał";"ogółem";"2005";2642,94;"zł";"";
2200000;"POMORSKIE";"4 kwartał";"ogółem";"2006";2810,85;"zł";"";
2200000;"POMORSKIE";"4 kwartał";"ogółem";"2007";3230,67;"zł";"";
2200000;"POMORSKIE";"4 kwartał";"ogółem";"2008";3312,05;"zł";"";
2200000;"POMORSKIE";"4 kwartał";"ogółem";"2009";3341,06;"zł";"";
2200000;"POMORSKIE";"4 kwartał";"ogółem";"2010";3496,17;"zł";"";
2200000;"POMORSKIE";"4 kwartał";"ogółem";"2011";;"zł";"";
2200000;"POMORSKIE";"4 kwartał";"ogółem";"2012";;"zł";"";
2200000;"POMORSKIE";"4 kwartał";"ogółem";"2013";;"zł";"";
2200000;"POMORSKIE";"4 kwartał";"ogółem";"2014";;"zł";"";
2200000;"POMORSKIE";"4 kwartał";"ogółem";"2015";;"zł";"";
2200000;"POMORSKIE";"4 kwartał";"ogółem";"2016";;"zł";"";
2200000;"POMORSKIE";"4 kwartał";"ogółem";"2017";;"zł";"";
2200000;"POMORSKIE";"4 kwartał";"ogółem";"2018";;"zł";"";
2200000;"POMORSKIE";"4 kwartał";"ogółem";"2019";;"zł";"";
2200000;"POMORSKIE";"4 kwartał";"ogółem";"2020";;"zł";"";
2200000;"POMORSKIE";"4 kwartał";"ogółem";"2021";;"zł";"";
2200000;"POMORSKIE";"4 kwartał";"ogółem";"2022";;"zł";"";
2200000;"POMORSKIE";"4 kwartał";"ogółem";"2023";;"zł";"";
2200000;"POMORSKIE";"4 kwartał";"ogółem";"2024";;"zł";"";
2200000;"POMORSKIE";"4 kwartał";"ogółem";"2025";;"zł";"";
2400000;"ŚLĄSKIE";"1 kwartał";"ogółem";"2005";2612,77;"zł";"";
2400000;"ŚLĄSKIE";"1 kwartał";"ogółem";"2006";2732,58;"zł";"";
2400000;"ŚLĄSKIE";"1 kwartał";"ogółem";"2007";2915,43;"zł";"";
2400000;"ŚLĄSKIE";"1 kwartał";"ogółem";"2008";3269,45;"zł";"";
2400000;"ŚLĄSKIE";"1 kwartał";"ogółem";"2009";3478,85;"zł";"";
2400000;"ŚLĄSKIE";"1 kwartał";"ogółem";"2010";3550,45;"zł";"";
2400000;"ŚLĄSKIE";"1 kwartał";"ogółem";"2011";3694,70;"zł";"";
2400000;"ŚLĄSKIE";"1 kwartał";"ogółem";"2012";3913,37;"zł";"";
2400000;"ŚLĄSKIE";"1 kwartał";"ogółem";"2013";3986,33;"zł";"";
2400000;"ŚLĄSKIE";"1 kwartał";"ogółem";"2014";4127,70;"zł";"";
2400000;"ŚLĄSKIE";"1 kwartał";"ogółem";"2015";4253,52;"zł";"";
2400000;"ŚLĄSKIE";"1 kwartał";"ogółem";"2016";4259,03;"zł";"";
2400000;"ŚLĄSKIE";"1 kwartał";"ogółem";"2017";4432,57;"zł";"";
2400000;"ŚLĄSKIE";"1 kwartał";"ogółem";"2018";4702,33;"zł";"";
2400000;"ŚLĄSKIE";"1 kwartał";"ogółem";"2019";5095,79;"zł";"";
2400000;"ŚLĄSKIE";"1 kwartał";"ogółem";"2020";5383,78;"zł";"";
2400000;"ŚLĄSKIE";"1 kwartał";"ogółem";"2021";5661,62;"zł";"";
2400000;"ŚLĄSKIE";"1 kwartał";"ogółem";"2022";6417,38;"zł";"";
2400000;"ŚLĄSKIE";"1 kwartał";"ogółem";"2023";7244,10;"zł";"";
2400000;"ŚLĄSKIE";"1 kwartał";"ogółem";"2024";8152,82;"zł";"";
2400000;"ŚLĄSKIE";"1 kwartał";"ogółem";"2025";8699,06;"zł";"";
2400000;"ŚLĄSKIE";"2 kwartał";"ogółem";"2005";2554,10;"zł";"";
2400000;"ŚLĄSKIE";"2 kwartał";"ogółem";"2006";2683,00;"zł";"";
2400000;"ŚLĄSKIE";"2 kwartał";"ogółem";"2007";2886,67;"zł";"";
2400000;"ŚLĄSKIE";"2 kwartał";"ogółem";"2008";3292,22;"zł";"";
2400000;"ŚLĄSKIE";"2 kwartał";"ogółem";"2009";3356,49;"zł";"";
2400000;"ŚLĄSKIE";"2 kwartał";"ogółem";"2010";3518,61;"zł";"";
2400000;"ŚLĄSKIE";"2 kwartał";"ogółem";"2011";;"zł";"";
2400000;"ŚLĄSKIE";"2 kwartał";"ogółem";"2012";;"zł";"";
2400000;"ŚLĄSKIE";"2 kwartał";"ogółem";"2013";;"zł";"";
2400000;"ŚLĄSKIE";"2 kwartał";"ogółem";"2014";;"zł";"";
2400000;"ŚLĄSKIE";"2 kwartał";"ogółem";"2015";;"zł";"";
2400000;"ŚLĄSKIE";"2 kwartał";"ogółem";"2016";;"zł";"";
2400000;"ŚLĄSKIE";"2 kwartał";"ogółem";"2017";;"zł";"";
2400000;"ŚLĄSKIE";"2 kwartał";"ogółem";"2018";;"zł";"";
2400000;"ŚLĄSKIE";"2 kwartał";"ogółem";"2019";;"zł";"";
2400000;"ŚLĄSKIE";"2 kwartał";"ogółem";"2020";;"zł";"";
2400000;"ŚLĄSKIE";"2 kwartał";"ogółem";"2021";;"zł";"";
2400000;"ŚLĄSKIE";"2 kwartał";"ogółem";"2022";;"zł";"";
2400000;"ŚLĄSKIE";"2 kwartał";"ogółem";"2023";;"zł";"";
2400000;"ŚLĄSKIE";"2 kwartał";"ogółem";"2024";;"zł";"";
2400000;"ŚLĄSKIE";"2 kwartał";"ogółem";"2025";;"zł";"";
2400000;"ŚLĄSKIE";"3 kwartał";"ogółem";"2005";2666,55;"zł";"";
2400000;"ŚLĄSKIE";"3 kwartał";"ogółem";"2006";2800,80;"zł";"";
2400000;"ŚLĄSKIE";"3 kwartał";"ogółem";"2007";3046,21;"zł";"";
2400000;"ŚLĄSKIE";"3 kwartał";"ogółem";"2008";3389,19;"zł";"";
2400000;"ŚLĄSKIE";"3 kwartał";"ogółem";"2009";3457,13;"zł";"";
2400000;"ŚLĄSKIE";"3 kwartał";"ogółem";"2010";3575,24;"zł";"";
2400000;"ŚLĄSKIE";"3 kwartał";"ogółem";"2011";;"zł";"";
2400000;"ŚLĄSKIE";"3 kwartał";"ogółem";"2012";;"zł";"";
2400000;"ŚLĄSKIE";"3 kwartał";"ogółem";"2013";;"zł";"";
2400000;"ŚLĄSKIE";"3 kwartał";"ogółem";"2014";;"zł";"";
2400000;"ŚLĄSKIE";"3 kwartał";"ogółem";"2015";;"zł";"";
2400000;"ŚLĄSKIE";"3 kwartał";"ogółem";"2016";;"zł";"";
2400000;"ŚLĄSKIE";"3 kwartał";"ogółem";"2017";;"zł";"";
2400000;"ŚLĄSKIE";"3 kwartał";"ogółem";"2018";;"zł";"";
2400000;"ŚLĄSKIE";"3 kwartał";"ogółem";"2019";;"zł";"";
2400000;"ŚLĄSKIE";"3 kwartał";"ogółem";"2020";;"zł";"";
2400000;"ŚLĄSKIE";"3 kwartał";"ogółem";"2021";;"zł";"";
2400000;"ŚLĄSKIE";"3 kwartał";"ogółem";"2022";;"zł";"";
2400000;"ŚLĄSKIE";"3 kwartał";"ogółem";"2023";;"zł";"";
2400000;"ŚLĄSKIE";"3 kwartał";"ogółem";"2024";;"zł";"";
2400000;"ŚLĄSKIE";"3 kwartał";"ogółem";"2025";;"zł";"";
2400000;"ŚLĄSKIE";"4 kwartał";"ogółem";"2005";3015,16;"zł";"";
2400000;"ŚLĄSKIE";"4 kwartał";"ogółem";"2006";3153,86;"zł";"";
2400000;"ŚLĄSKIE";"4 kwartał";"ogółem";"2007";3408,31;"zł";"";
2400000;"ŚLĄSKIE";"4 kwartał";"ogółem";"2008";3696,59;"zł";"";
2400000;"ŚLĄSKIE";"4 kwartał";"ogółem";"2009";3808,33;"zł";"";
2400000;"ŚLĄSKIE";"4 kwartał";"ogółem";"2010";4052,62;"zł";"";
2400000;"ŚLĄSKIE";"4 kwartał";"ogółem";"2011";;"zł";"";
2400000;"ŚLĄSKIE";"4 kwartał";"ogółem";"2012";;"zł";"";
2400000;"ŚLĄSKIE";"4 kwartał";"ogółem";"2013";;"zł";"";
2400000;"ŚLĄSKIE";"4 kwartał";"ogółem";"2014";;"zł";"";
2400000;"ŚLĄSKIE";"4 kwartał";"ogółem";"2015";;"zł";"";
2400000;"ŚLĄSKIE";"4 kwartał";"ogółem";"2016";;"zł";"";
2400000;"ŚLĄSKIE";"4 kwartał";"ogółem";"2017";;"zł";"";
2400000;"ŚLĄSKIE";"4 kwartał";"ogółem";"2018";;"zł";"";
2400000;"ŚLĄSKIE";"4 kwartał";"ogółem";"2019";;"zł";"";
2400000;"ŚLĄSKIE";"4 kwartał";"ogółem";"2020";;"zł";"";
2400000;"ŚLĄSKIE";"4 kwartał";"ogółem";"2021";;"zł";"";
2400000;"ŚLĄSKIE";"4 kwartał";"ogółem";"2022";;"zł";"";
2400000;"ŚLĄSKIE";"4 kwartał";"ogółem";"2023";;"zł";"";
2400000;"ŚLĄSKIE";"4 kwartał";"ogółem";"2024";;"zł";"";
2400000;"ŚLĄSKIE";"4 kwartał";"ogółem";"2025";;"zł";"";
2600000;"ŚWIĘTOKRZYSKIE";"1 kwartał";"ogółem";"2005";2067,77;"zł";"";
2600000;"ŚWIĘTOKRZYSKIE";"1 kwartał";"ogółem";"2006";2118,84;"zł";"";
2600000;"ŚWIĘTOKRZYSKIE";"1 kwartał";"ogółem";"2007";2284,96;"zł";"";
2600000;"ŚWIĘTOKRZYSKIE";"1 kwartał";"ogółem";"2008";2588,80;"zł";"";
2600000;"ŚWIĘTOKRZYSKIE";"1 kwartał";"ogółem";"2009";2719,30;"zł";"";
2600000;"ŚWIĘTOKRZYSKIE";"1 kwartał";"ogółem";"2010";2771,37;"zł";"";
2600000;"ŚWIĘTOKRZYSKIE";"1 kwartał";"ogółem";"2011";2869,96;"zł";"";
2600000;"ŚWIĘTOKRZYSKIE";"1 kwartał";"ogółem";"2012";3069,29;"zł";"";
2600000;"ŚWIĘTOKRZYSKIE";"1 kwartał";"ogółem";"2013";3085,89;"zł";"";
2600000;"ŚWIĘTOKRZYSKIE";"1 kwartał";"ogółem";"2014";3186,78;"zł";"";
2600000;"ŚWIĘTOKRZYSKIE";"1 kwartał";"ogółem";"2015";3374,09;"zł";"";
2600000;"ŚWIĘTOKRZYSKIE";"1 kwartał";"ogółem";"2016";3437,42;"zł";"";
2600000;"ŚWIĘTOKRZYSKIE";"1 kwartał";"ogółem";"2017";3651,63;"zł";"";
2600000;"ŚWIĘTOKRZYSKIE";"1 kwartał";"ogółem";"2018";3914,85;"zł";"";
2600000;"ŚWIĘTOKRZYSKIE";"1 kwartał";"ogółem";"2019";4152,78;"zł";"";
2600000;"ŚWIĘTOKRZYSKIE";"1 kwartał";"ogółem";"2020";4447,23;"zł";"";
2600000;"ŚWIĘTOKRZYSKIE";"1 kwartał";"ogółem";"2021";4683,26;"zł";"";
2600000;"ŚWIĘTOKRZYSKIE";"1 kwartał";"ogółem";"2022";5131,42;"zł";"";
2600000;"ŚWIĘTOKRZYSKIE";"1 kwartał";"ogółem";"2023";5897,45;"zł";"";
2600000;"ŚWIĘTOKRZYSKIE";"1 kwartał";"ogółem";"2024";6821,89;"zł";"";
2600000;"ŚWIĘTOKRZYSKIE";"1 kwartał";"ogółem";"2025";7335,77;"zł";"";
2600000;"ŚWIĘTOKRZYSKIE";"2 kwartał";"ogółem";"2005";2083,62;"zł";"";
2600000;"ŚWIĘTOKRZYSKIE";"2 kwartał";"ogółem";"2006";2192,81;"zł";"";
2600000;"ŚWIĘTOKRZYSKIE";"2 kwartał";"ogółem";"2007";2420,50;"zł";"";
2600000;"ŚWIĘTOKRZYSKIE";"2 kwartał";"ogółem";"2008";2660,48;"zł";"";
2600000;"ŚWIĘTOKRZYSKIE";"2 kwartał";"ogółem";"2009";2850,64;"zł";"";
2600000;"ŚWIĘTOKRZYSKIE";"2 kwartał";"ogółem";"2010";2900,89;"zł";"";
2600000;"ŚWIĘTOKRZYSKIE";"2 kwartał";"ogółem";"2011";;"zł";"";
2600000;"ŚWIĘTOKRZYSKIE";"2 kwartał";"ogółem";"2012";;"zł";"";
2600000;"ŚWIĘTOKRZYSKIE";"2 kwartał";"ogółem";"2013";;"zł";"";
2600000;"ŚWIĘTOKRZYSKIE";"2 kwartał";"ogółem";"2014";;"zł";"";
2600000;"ŚWIĘTOKRZYSKIE";"2 kwartał";"ogółem";"2015";;"zł";"";
2600000;"ŚWIĘTOKRZYSKIE";"2 kwartał";"ogółem";"2016";;"zł";"";
2600000;"ŚWIĘTOKRZYSKIE";"2 kwartał";"ogółem";"2017";;"zł";"";
2600000;"ŚWIĘTOKRZYSKIE";"2 kwartał";"ogółem";"2018";;"zł";"";
2600000;"ŚWIĘTOKRZYSKIE";"2 kwartał";"ogółem";"2019";;"zł";"";
2600000;"ŚWIĘTOKRZYSKIE";"2 kwartał";"ogółem";"2020";;"zł";"";
2600000;"ŚWIĘTOKRZYSKIE";"2 kwartał";"ogółem";"2021";;"zł";"";
2600000;"ŚWIĘTOKRZYSKIE";"2 kwartał";"ogółem";"2022";;"zł";"";
2600000;"ŚWIĘTOKRZYSKIE";"2 kwartał";"ogółem";"2023";;"zł";"";
2600000;"ŚWIĘTOKRZYSKIE";"2 kwartał";"ogółem";"2024";;"zł";"";
2600000;"ŚWIĘTOKRZYSKIE";"2 kwartał";"ogółem";"2025";;"zł";"";
2600000;"ŚWIĘTOKRZYSKIE";"3 kwartał";"ogółem";"2005";2118,74;"zł";"";
2600000;"ŚWIĘTOKRZYSKIE";"3 kwartał";"ogółem";"2006";2225,96;"zł";"";
2600000;"ŚWIĘTOKRZYSKIE";"3 kwartał";"ogółem";"2007";2456,10;"zł";"";
2600000;"ŚWIĘTOKRZYSKIE";"3 kwartał";"ogółem";"2008";2759,62;"zł";"";
2600000;"ŚWIĘTOKRZYSKIE";"3 kwartał";"ogółem";"2009";2843,87;"zł";"";
2600000;"ŚWIĘTOKRZYSKIE";"3 kwartał";"ogółem";"2010";2930,72;"zł";"";
2600000;"ŚWIĘTOKRZYSKIE";"3 kwartał";"ogółem";"2011";;"zł";"";
2600000;"ŚWIĘTOKRZYSKIE";"3 kwartał";"ogółem";"2012";;"zł";"";
2600000;"ŚWIĘTOKRZYSKIE";"3 kwartał";"ogółem";"2013";;"zł";"";
2600000;"ŚWIĘTOKRZYSKIE";"3 kwartał";"ogółem";"2014";;"zł";"";
2600000;"ŚWIĘTOKRZYSKIE";"3 kwartał";"ogółem";"2015";;"zł";"";
2600000;"ŚWIĘTOKRZYSKIE";"3 kwartał";"ogółem";"2016";;"zł";"";
2600000;"ŚWIĘTOKRZYSKIE";"3 kwartał";"ogółem";"2017";;"zł";"";
2600000;"ŚWIĘTOKRZYSKIE";"3 kwartał";"ogółem";"2018";;"zł";"";
2600000;"ŚWIĘTOKRZYSKIE";"3 kwartał";"ogółem";"2019";;"zł";"";
2600000;"ŚWIĘTOKRZYSKIE";"3 kwartał";"ogółem";"2020";;"zł";"";
2600000;"ŚWIĘTOKRZYSKIE";"3 kwartał";"ogółem";"2021";;"zł";"";
2600000;"ŚWIĘTOKRZYSKIE";"3 kwartał";"ogółem";"2022";;"zł";"";
2600000;"ŚWIĘTOKRZYSKIE";"3 kwartał";"ogółem";"2023";;"zł";"";
2600000;"ŚWIĘTOKRZYSKIE";"3 kwartał";"ogółem";"2024";;"zł";"";
2600000;"ŚWIĘTOKRZYSKIE";"3 kwartał";"ogółem";"2025";;"zł";"";
2600000;"ŚWIĘTOKRZYSKIE";"4 kwartał";"ogółem";"2005";2247,56;"zł";"";
2600000;"ŚWIĘTOKRZYSKIE";"4 kwartał";"ogółem";"2006";2388,54;"zł";"";
2600000;"ŚWIĘTOKRZYSKIE";"4 kwartał";"ogółem";"2007";2571,82;"zł";"";
2600000;"ŚWIĘTOKRZYSKIE";"4 kwartał";"ogółem";"2008";2828,97;"zł";"";
2600000;"ŚWIĘTOKRZYSKIE";"4 kwartał";"ogółem";"2009";2855,78;"zł";"";
2600000;"ŚWIĘTOKRZYSKIE";"4 kwartał";"ogółem";"2010";2991,58;"zł";"";
2600000;"ŚWIĘTOKRZYSKIE";"4 kwartał";"ogółem";"2011";;"zł";"";
2600000;"ŚWIĘTOKRZYSKIE";"4 kwartał";"ogółem";"2012";;"zł";"";
2600000;"ŚWIĘTOKRZYSKIE";"4 kwartał";"ogółem";"2013";;"zł";"";
2600000;"ŚWIĘTOKRZYSKIE";"4 kwartał";"ogółem";"2014";;"zł";"";
2600000;"ŚWIĘTOKRZYSKIE";"4 kwartał";"ogółem";"2015";;"zł";"";
2600000;"ŚWIĘTOKRZYSKIE";"4 kwartał";"ogółem";"2016";;"zł";"";
2600000;"ŚWIĘTOKRZYSKIE";"4 kwartał";"ogółem";"2017";;"zł";"";
2600000;"ŚWIĘTOKRZYSKIE";"4 kwartał";"ogółem";"2018";;"zł";"";
2600000;"ŚWIĘTOKRZYSKIE";"4 kwartał";"ogółem";"2019";;"zł";"";
2600000;"ŚWIĘTOKRZYSKIE";"4 kwartał";"ogółem";"2020";;"zł";"";
2600000;"ŚWIĘTOKRZYSKIE";"4 kwartał";"ogółem";"2021";;"zł";"";
2600000;"ŚWIĘTOKRZYSKIE";"4 kwartał";"ogółem";"2022";;"zł";"";
2600000;"ŚWIĘTOKRZYSKIE";"4 kwartał";"ogółem";"2023";;"zł";"";
2600000;"ŚWIĘTOKRZYSKIE";"4 kwartał";"ogółem";"2024";;"zł";"";
2600000;"ŚWIĘTOKRZYSKIE";"4 kwartał";"ogółem";"2025";;"zł";"";
2800000;"WARMIŃSKO-MAZURSKIE";"1 kwartał";"ogółem";"2005";1906,66;"zł";"";
2800000;"WARMIŃSKO-MAZURSKIE";"1 kwartał";"ogółem";"2006";1998,54;"zł";"";
2800000;"WARMIŃSKO-MAZURSKIE";"1 kwartał";"ogółem";"2007";2171,64;"zł";"";
2800000;"WARMIŃSKO-MAZURSKIE";"1 kwartał";"ogółem";"2008";2443,11;"zł";"";
2800000;"WARMIŃSKO-MAZURSKIE";"1 kwartał";"ogółem";"2009";2526,03;"zł";"";
2800000;"WARMIŃSKO-MAZURSKIE";"1 kwartał";"ogółem";"2010";2625,64;"zł";"";
2800000;"WARMIŃSKO-MAZURSKIE";"1 kwartał";"ogółem";"2011";2759,24;"zł";"";
2800000;"WARMIŃSKO-MAZURSKIE";"1 kwartał";"ogółem";"2012";2945,10;"zł";"";
2800000;"WARMIŃSKO-MAZURSKIE";"1 kwartał";"ogółem";"2013";2990,45;"zł";"";
2800000;"WARMIŃSKO-MAZURSKIE";"1 kwartał";"ogółem";"2014";3133,30;"zł";"";
2800000;"WARMIŃSKO-MAZURSKIE";"1 kwartał";"ogółem";"2015";3283,42;"zł";"";
2800000;"WARMIŃSKO-MAZURSKIE";"1 kwartał";"ogółem";"2016";3390,12;"zł";"";
2800000;"WARMIŃSKO-MAZURSKIE";"1 kwartał";"ogółem";"2017";3573,54;"zł";"";
2800000;"WARMIŃSKO-MAZURSKIE";"1 kwartał";"ogółem";"2018";3771,26;"zł";"";
2800000;"WARMIŃSKO-MAZURSKIE";"1 kwartał";"ogółem";"2019";4013,95;"zł";"";
2800000;"WARMIŃSKO-MAZURSKIE";"1 kwartał";"ogółem";"2020";4321,89;"zł";"";
2800000;"WARMIŃSKO-MAZURSKIE";"1 kwartał";"ogółem";"2021";4631,13;"zł";"";
2800000;"WARMIŃSKO-MAZURSKIE";"1 kwartał";"ogółem";"2022";5149,34;"zł";"";
2800000;"WARMIŃSKO-MAZURSKIE";"1 kwartał";"ogółem";"2023";5794,64;"zł";"";
2800000;"WARMIŃSKO-MAZURSKIE";"1 kwartał";"ogółem";"2024";6594,88;"zł";"";
2800000;"WARMIŃSKO-MAZURSKIE";"1 kwartał";"ogółem";"2025";7171,32;"zł";"";
2800000;"WARMIŃSKO-MAZURSKIE";"2 kwartał";"ogółem";"2005";1986,19;"zł";"";
2800000;"WARMIŃSKO-MAZURSKIE";"2 kwartał";"ogółem";"2006";2040,20;"zł";"";
2800000;"WARMIŃSKO-MAZURSKIE";"2 kwartał";"ogółem";"2007";2239,11;"zł";"";
2800000;"WARMIŃSKO-MAZURSKIE";"2 kwartał";"ogółem";"2008";2486,36;"zł";"";
2800000;"WARMIŃSKO-MAZURSKIE";"2 kwartał";"ogółem";"2009";2518,98;"zł";"";
2800000;"WARMIŃSKO-MAZURSKIE";"2 kwartał";"ogółem";"2010";2673,67;"zł";"";
2800000;"WARMIŃSKO-MAZURSKIE";"2 kwartał";"ogółem";"2011";;"zł";"";
2800000;"WARMIŃSKO-MAZURSKIE";"2 kwartał";"ogółem";"2012";;"zł";"";
2800000;"WARMIŃSKO-MAZURSKIE";"2 kwartał";"ogółem";"2013";;"zł";"";
2800000;"WARMIŃSKO-MAZURSKIE";"2 kwartał";"ogółem";"2014";;"zł";"";
2800000;"WARMIŃSKO-MAZURSKIE";"2 kwartał";"ogółem";"2015";;"zł";"";
2800000;"WARMIŃSKO-MAZURSKIE";"2 kwartał";"ogółem";"2016";;"zł";"";
2800000;"WARMIŃSKO-MAZURSKIE";"2 kwartał";"ogółem";"2017";;"zł";"";
2800000;"WARMIŃSKO-MAZURSKIE";"2 kwartał";"ogółem";"2018";;"zł";"";
2800000;"WARMIŃSKO-MAZURSKIE";"2 kwartał";"ogółem";"2019";;"zł";"";
2800000;"WARMIŃSKO-MAZURSKIE";"2 kwartał";"ogółem";"2020";;"zł";"";
2800000;"WARMIŃSKO-MAZURSKIE";"2 kwartał";"ogółem";"2021";;"zł";"";
2800000;"WARMIŃSKO-MAZURSKIE";"2 kwartał";"ogółem";"2022";;"zł";"";
2800000;"WARMIŃSKO-MAZURSKIE";"2 kwartał";"ogółem";"2023";;"zł";"";
2800000;"WARMIŃSKO-MAZURSKIE";"2 kwartał";"ogółem";"2024";;"zł";"";
2800000;"WARMIŃSKO-MAZURSKIE";"2 kwartał";"ogółem";"2025";;"zł";"";
2800000;"WARMIŃSKO-MAZURSKIE";"3 kwartał";"ogółem";"2005";2029,86;"zł";"";
2800000;"WARMIŃSKO-MAZURSKIE";"3 kwartał";"ogółem";"2006";2127,13;"zł";"";
2800000;"WARMIŃSKO-MAZURSKIE";"3 kwartał";"ogółem";"2007";2338,30;"zł";"";
2800000;"WARMIŃSKO-MAZURSKIE";"3 kwartał";"ogółem";"2008";2518,59;"zł";"";
2800000;"WARMIŃSKO-MAZURSKIE";"3 kwartał";"ogółem";"2009";2633,56;"zł";"";
2800000;"WARMIŃSKO-MAZURSKIE";"3 kwartał";"ogółem";"2010";2753,35;"zł";"";
2800000;"WARMIŃSKO-MAZURSKIE";"3 kwartał";"ogółem";"2011";;"zł";"";
2800000;"WARMIŃSKO-MAZURSKIE";"3 kwartał";"ogółem";"2012";;"zł";"";
2800000;"WARMIŃSKO-MAZURSKIE";"3 kwartał";"ogółem";"2013";;"zł";"";
2800000;"WARMIŃSKO-MAZURSKIE";"3 kwartał";"ogółem";"2014";;"zł";"";
2800000;"WARMIŃSKO-MAZURSKIE";"3 kwartał";"ogółem";"2015";;"zł";"";
2800000;"WARMIŃSKO-MAZURSKIE";"3 kwartał";"ogółem";"2016";;"zł";"";
2800000;"WARMIŃSKO-MAZURSKIE";"3 kwartał";"ogółem";"2017";;"zł";"";
2800000;"WARMIŃSKO-MAZURSKIE";"3 kwartał";"ogółem";"2018";;"zł";"";
2800000;"WARMIŃSKO-MAZURSKIE";"3 kwartał";"ogółem";"2019";;"zł";"";
2800000;"WARMIŃSKO-MAZURSKIE";"3 kwartał";"ogółem";"2020";;"zł";"";
2800000;"WARMIŃSKO-MAZURSKIE";"3 kwartał";"ogółem";"2021";;"zł";"";
2800000;"WARMIŃSKO-MAZURSKIE";"3 kwartał";"ogółem";"2022";;"zł";"";
2800000;"WARMIŃSKO-MAZURSKIE";"3 kwartał";"ogółem";"2023";;"zł";"";
2800000;"WARMIŃSKO-MAZURSKIE";"3 kwartał";"ogółem";"2024";;"zł";"";
2800000;"WARMIŃSKO-MAZURSKIE";"3 kwartał";"ogółem";"2025";;"zł";"";
2800000;"WARMIŃSKO-MAZURSKIE";"4 kwartał";"ogółem";"2005";2101,30;"zł";"";
2800000;"WARMIŃSKO-MAZURSKIE";"4 kwartał";"ogółem";"2006";2181,05;"zł";"";
2800000;"WARMIŃSKO-MAZURSKIE";"4 kwartał";"ogółem";"2007";2487,60;"zł";"";
2800000;"WARMIŃSKO-MAZURSKIE";"4 kwartał";"ogółem";"2008";2608,83;"zł";"";
2800000;"WARMIŃSKO-MAZURSKIE";"4 kwartał";"ogółem";"2009";2712,99;"zł";"";
2800000;"WARMIŃSKO-MAZURSKIE";"4 kwartał";"ogółem";"2010";2898,89;"zł";"";
2800000;"WARMIŃSKO-MAZURSKIE";"4 kwartał";"ogółem";"2011";;"zł";"";
2800000;"WARMIŃSKO-MAZURSKIE";"4 kwartał";"ogółem";"2012";;"zł";"";
2800000;"WARMIŃSKO-MAZURSKIE";"4 kwartał";"ogółem";"2013";;"zł";"";
2800000;"WARMIŃSKO-MAZURSKIE";"4 kwartał";"ogółem";"2014";;"zł";"";
2800000;"WARMIŃSKO-MAZURSKIE";"4 kwartał";"ogółem";"2015";;"zł";"";
2800000;"WARMIŃSKO-MAZURSKIE";"4 kwartał";"ogółem";"2016";;"zł";"";
2800000;"WARMIŃSKO-MAZURSKIE";"4 kwartał";"ogółem";"2017";;"zł";"";
2800000;"WARMIŃSKO-MAZURSKIE";"4 kwartał";"ogółem";"2018";;"zł";"";
2800000;"WARMIŃSKO-MAZURSKIE";"4 kwartał";"ogółem";"2019";;"zł";"";
2800000;"WARMIŃSKO-MAZURSKIE";"4 kwartał";"ogółem";"2020";;"zł";"";
2800000;"WARMIŃSKO-MAZURSKIE";"4 kwartał";"ogółem";"2021";;"zł";"";
2800000;"WARMIŃSKO-MAZURSKIE";"4 kwartał";"ogółem";"2022";;"zł";"";
2800000;"WARMIŃSKO-MAZURSKIE";"4 kwartał";"ogółem";"2023";;"zł";"";
2800000;"WARMIŃSKO-MAZURSKIE";"4 kwartał";"ogółem";"2024";;"zł";"";
2800000;"WARMIŃSKO-MAZURSKIE";"4 kwartał";"ogółem";"2025";;"zł";"";
3000000;"WIELKOPOLSKIE";"1 kwartał";"ogółem";"2005";2150,76;"zł";"";
3000000;"WIELKOPOLSKIE";"1 kwartał";"ogółem";"2006";2251,51;"zł";"";
3000000;"WIELKOPOLSKIE";"1 kwartał";"ogółem";"2007";2460,77;"zł";"";
3000000;"WIELKOPOLSKIE";"1 kwartał";"ogółem";"2008";2768,00;"zł";"";
3000000;"WIELKOPOLSKIE";"1 kwartał";"ogółem";"2009";2891,41;"zł";"";
3000000;"WIELKOPOLSKIE";"1 kwartał";"ogółem";"2010";3024,02;"zł";"";
3000000;"WIELKOPOLSKIE";"1 kwartał";"ogółem";"2011";3174,88;"zł";"";
3000000;"WIELKOPOLSKIE";"1 kwartał";"ogółem";"2012";3354,10;"zł";"";
3000000;"WIELKOPOLSKIE";"1 kwartał";"ogółem";"2013";3432,71;"zł";"";
3000000;"WIELKOPOLSKIE";"1 kwartał";"ogółem";"2014";3501,50;"zł";"";
3000000;"WIELKOPOLSKIE";"1 kwartał";"ogółem";"2015";3651,97;"zł";"";
3000000;"WIELKOPOLSKIE";"1 kwartał";"ogółem";"2016";3774,02;"zł";"";
3000000;"WIELKOPOLSKIE";"1 kwartał";"ogółem";"2017";3993,04;"zł";"";
3000000;"WIELKOPOLSKIE";"1 kwartał";"ogółem";"2018";4284,74;"zł";"";
3000000;"WIELKOPOLSKIE";"1 kwartał";"ogółem";"2019";4582,29;"zł";"";
3000000;"WIELKOPOLSKIE";"1 kwartał";"ogółem";"2020";4880,75;"zł";"";
3000000;"WIELKOPOLSKIE";"1 kwartał";"ogółem";"2021";5189,33;"zł";"";
3000000;"WIELKOPOLSKIE";"1 kwartał";"ogółem";"2022";5728,89;"zł";"";
3000000;"WIELKOPOLSKIE";"1 kwartał";"ogółem";"2023";6497,05;"zł";"";
3000000;"WIELKOPOLSKIE";"1 kwartał";"ogółem";"2024";7272,85;"zł";"";
3000000;"WIELKOPOLSKIE";"1 kwartał";"ogółem";"2025";7859,03;"zł";"";
3000000;"WIELKOPOLSKIE";"2 kwartał";"ogółem";"2005";2227,52;"zł";"";
3000000;"WIELKOPOLSKIE";"2 kwartał";"ogółem";"2006";2331,52;"zł";"";
3000000;"WIELKOPOLSKIE";"2 kwartał";"ogółem";"2007";2604,91;"zł";"";
3000000;"WIELKOPOLSKIE";"2 kwartał";"ogółem";"2008";2904,12;"zł";"";
3000000;"WIELKOPOLSKIE";"2 kwartał";"ogółem";"2009";2973,10;"zł";"";
3000000;"WIELKOPOLSKIE";"2 kwartał";"ogółem";"2010";3119,36;"zł";"";
3000000;"WIELKOPOLSKIE";"2 kwartał";"ogółem";"2011";;"zł";"";
3000000;"WIELKOPOLSKIE";"2 kwartał";"ogółem";"2012";;"zł";"";
3000000;"WIELKOPOLSKIE";"2 kwartał";"ogółem";"2013";;"zł";"";
3000000;"WIELKOPOLSKIE";"2 kwartał";"ogółem";"2014";;"zł";"";
3000000;"WIELKOPOLSKIE";"2 kwartał";"ogółem";"2015";;"zł";"";
3000000;"WIELKOPOLSKIE";"2 kwartał";"ogółem";"2016";;"zł";"";
3000000;"WIELKOPOLSKIE";"2 kwartał";"ogółem";"2017";;"zł";"";
3000000;"WIELKOPOLSKIE";"2 kwartał";"ogółem";"2018";;"zł";"";
3000000;"WIELKOPOLSKIE";"2 kwartał";"ogółem";"2019";;"zł";"";
3000000;"WIELKOPOLSKIE";"2 kwartał";"ogółem";"2020";;"zł";"";
3000000;"WIELKOPOLSKIE";"2 kwartał";"ogółem";"2021";;"zł";"";
3000000;"WIELKOPOLSKIE";"2 kwartał";"ogółem";"2022";;"zł";"";
3000000;"WIELKOPOLSKIE";"2 kwartał";"ogółem";"2023";;"zł";"";
3000000;"WIELKOPOLSKIE";"2 kwartał";"ogółem";"2024";;"zł";"";
3000000;"WIELKOPOLSKIE";"2 kwartał";"ogółem";"2025";;"zł";"";
3000000;"WIELKOPOLSKIE";"3 kwartał";"ogółem";"2005";2240,26;"zł";"";
3000000;"WIELKOPOLSKIE";"3 kwartał";"ogółem";"2006";2366,35;"zł";"";
3000000;"WIELKOPOLSKIE";"3 kwartał";"ogółem";"2007";2693,63;"zł";"";
3000000;"WIELKOPOLSKIE";"3 kwartał";"ogółem";"2008";2924,46;"zł";"";
3000000;"WIELKOPOLSKIE";"3 kwartał";"ogółem";"2009";2999,22;"zł";"";
3000000;"WIELKOPOLSKIE";"3 kwartał";"ogółem";"2010";3144,22;"zł";"";
3000000;"WIELKOPOLSKIE";"3 kwartał";"ogółem";"2011";;"zł";"";
3000000;"WIELKOPOLSKIE";"3 kwartał";"ogółem";"2012";;"zł";"";
3000000;"WIELKOPOLSKIE";"3 kwartał";"ogółem";"2013";;"zł";"";
3000000;"WIELKOPOLSKIE";"3 kwartał";"ogółem";"2014";;"zł";"";
3000000;"WIELKOPOLSKIE";"3 kwartał";"ogółem";"2015";;"zł";"";
3000000;"WIELKOPOLSKIE";"3 kwartał";"ogółem";"2016";;"zł";"";
3000000;"WIELKOPOLSKIE";"3 kwartał";"ogółem";"2017";;"zł";"";
3000000;"WIELKOPOLSKIE";"3 kwartał";"ogółem";"2018";;"zł";"";
3000000;"WIELKOPOLSKIE";"3 kwartał";"ogółem";"2019";;"zł";"";
3000000;"WIELKOPOLSKIE";"3 kwartał";"ogółem";"2020";;"zł";"";
3000000;"WIELKOPOLSKIE";"3 kwartał";"ogółem";"2021";;"zł";"";
3000000;"WIELKOPOLSKIE";"3 kwartał";"ogółem";"2022";;"zł";"";
3000000;"WIELKOPOLSKIE";"3 kwartał";"ogółem";"2023";;"zł";"";
3000000;"WIELKOPOLSKIE";"3 kwartał";"ogółem";"2024";;"zł";"";
3000000;"WIELKOPOLSKIE";"3 kwartał";"ogółem";"2025";;"zł";"";
3000000;"WIELKOPOLSKIE";"4 kwartał";"ogółem";"2005";2358,14;"zł";"";
3000000;"WIELKOPOLSKIE";"4 kwartał";"ogółem";"2006";2492,50;"zł";"";
3000000;"WIELKOPOLSKIE";"4 kwartał";"ogółem";"2007";2793,62;"zł";"";
3000000;"WIELKOPOLSKIE";"4 kwartał";"ogółem";"2008";2966,52;"zł";"";
3000000;"WIELKOPOLSKIE";"4 kwartał";"ogółem";"2009";3102,80;"zł";"";
3000000;"WIELKOPOLSKIE";"4 kwartał";"ogółem";"2010";3275,15;"zł";"";
3000000;"WIELKOPOLSKIE";"4 kwartał";"ogółem";"2011";;"zł";"";
3000000;"WIELKOPOLSKIE";"4 kwartał";"ogółem";"2012";;"zł";"";
3000000;"WIELKOPOLSKIE";"4 kwartał";"ogółem";"2013";;"zł";"";
3000000;"WIELKOPOLSKIE";"4 kwartał";"ogółem";"2014";;"zł";"";
3000000;"WIELKOPOLSKIE";"4 kwartał";"ogółem";"2015";;"zł";"";
3000000;"WIELKOPOLSKIE";"4 kwartał";"ogółem";"2016";;"zł";"";
3000000;"WIELKOPOLSKIE";"4 kwartał";"ogółem";"2017";;"zł";"";
3000000;"WIELKOPOLSKIE";"4 kwartał";"ogółem";"2018";;"zł";"";
3000000;"WIELKOPOLSKIE";"4 kwartał";"ogółem";"2019";;"zł";"";
3000000;"WIELKOPOLSKIE";"4 kwartał";"ogółem";"2020";;"zł";"";
3000000;"WIELKOPOLSKIE";"4 kwartał";"ogółem";"2021";;"zł";"";
3000000;"WIELKOPOLSKIE";"4 kwartał";"ogółem";"2022";;"zł";"";
3000000;"WIELKOPOLSKIE";"4 kwartał";"ogółem";"2023";;"zł";"";
3000000;"WIELKOPOLSKIE";"4 kwartał";"ogółem";"2024";;"zł";"";
3000000;"WIELKOPOLSKIE";"4 kwartał";"ogółem";"2025";;"zł";"";
3200000;"ZACHODNIOPOMORSKIE";"1 kwartał";"ogółem";"2005";2145,57;"zł";"";
3200000;"ZACHODNIOPOMORSKIE";"1 kwartał";"ogółem";"2006";2249,39;"zł";"";
3200000;"ZACHODNIOPOMORSKIE";"1 kwartał";"ogółem";"2007";2430,70;"zł";"";
3200000;"ZACHODNIOPOMORSKIE";"1 kwartał";"ogółem";"2008";2764,67;"zł";"";
3200000;"ZACHODNIOPOMORSKIE";"1 kwartał";"ogółem";"2009";2949,98;"zł";"";
3200000;"ZACHODNIOPOMORSKIE";"1 kwartał";"ogółem";"2010";2979,09;"zł";"";
3200000;"ZACHODNIOPOMORSKIE";"1 kwartał";"ogółem";"2011";3024,34;"zł";"";
3200000;"ZACHODNIOPOMORSKIE";"1 kwartał";"ogółem";"2012";3221,23;"zł";"";
3200000;"ZACHODNIOPOMORSKIE";"1 kwartał";"ogółem";"2013";3332,28;"zł";"";
3200000;"ZACHODNIOPOMORSKIE";"1 kwartał";"ogółem";"2014";3485,29;"zł";"";
3200000;"ZACHODNIOPOMORSKIE";"1 kwartał";"ogółem";"2015";3620,58;"zł";"";
3200000;"ZACHODNIOPOMORSKIE";"1 kwartał";"ogółem";"2016";3822,07;"zł";"";
3200000;"ZACHODNIOPOMORSKIE";"1 kwartał";"ogółem";"2017";4020,43;"zł";"";
3200000;"ZACHODNIOPOMORSKIE";"1 kwartał";"ogółem";"2018";4301,22;"zł";"";
3200000;"ZACHODNIOPOMORSKIE";"1 kwartał";"ogółem";"2019";4586,97;"zł";"";
3200000;"ZACHODNIOPOMORSKIE";"1 kwartał";"ogółem";"2020";4873,05;"zł";"";
3200000;"ZACHODNIOPOMORSKIE";"1 kwartał";"ogółem";"2021";5191,63;"zł";"";
3200000;"ZACHODNIOPOMORSKIE";"1 kwartał";"ogółem";"2022";5763,16;"zł";"";
3200000;"ZACHODNIOPOMORSKIE";"1 kwartał";"ogółem";"2023";6570,38;"zł";"";
3200000;"ZACHODNIOPOMORSKIE";"1 kwartał";"ogółem";"2024";7412,92;"zł";"";
3200000;"ZACHODNIOPOMORSKIE";"1 kwartał";"ogółem";"2025";7992,90;"zł";"";
3200000;"ZACHODNIOPOMORSKIE";"2 kwartał";"ogółem";"2005";2212,62;"zł";"";
3200000;"ZACHODNIOPOMORSKIE";"2 kwartał";"ogółem";"2006";2280,54;"zł";"";
3200000;"ZACHODNIOPOMORSKIE";"2 kwartał";"ogółem";"2007";2452,47;"zł";"";
3200000;"ZACHODNIOPOMORSKIE";"2 kwartał";"ogółem";"2008";2834,10;"zł";"";
3200000;"ZACHODNIOPOMORSKIE";"2 kwartał";"ogółem";"2009";2911,66;"zł";"";
3200000;"ZACHODNIOPOMORSKIE";"2 kwartał";"ogółem";"2010";2993,45;"zł";"";
3200000;"ZACHODNIOPOMORSKIE";"2 kwartał";"ogółem";"2011";;"zł";"";
3200000;"ZACHODNIOPOMORSKIE";"2 kwartał";"ogółem";"2012";;"zł";"";
3200000;"ZACHODNIOPOMORSKIE";"2 kwartał";"ogółem";"2013";;"zł";"";
3200000;"ZACHODNIOPOMORSKIE";"2 kwartał";"ogółem";"2014";;"zł";"";
3200000;"ZACHODNIOPOMORSKIE";"2 kwartał";"ogółem";"2015";;"zł";"";
3200000;"ZACHODNIOPOMORSKIE";"2 kwartał";"ogółem";"2016";;"zł";"";
3200000;"ZACHODNIOPOMORSKIE";"2 kwartał";"ogółem";"2017";;"zł";"";
3200000;"ZACHODNIOPOMORSKIE";"2 kwartał";"ogółem";"2018";;"zł";"";
3200000;"ZACHODNIOPOMORSKIE";"2 kwartał";"ogółem";"2019";;"zł";"";
3200000;"ZACHODNIOPOMORSKIE";"2 kwartał";"ogółem";"2020";;"zł";"";
3200000;"ZACHODNIOPOMORSKIE";"2 kwartał";"ogółem";"2021";;"zł";"";
3200000;"ZACHODNIOPOMORSKIE";"2 kwartał";"ogółem";"2022";;"zł";"";
3200000;"ZACHODNIOPOMORSKIE";"2 kwartał";"ogółem";"2023";;"zł";"";
3200000;"ZACHODNIOPOMORSKIE";"2 kwartał";"ogółem";"2024";;"zł";"";
3200000;"ZACHODNIOPOMORSKIE";"2 kwartał";"ogółem";"2025";;"zł";"";
3200000;"ZACHODNIOPOMORSKIE";"3 kwartał";"ogółem";"2005";2244,52;"zł";"";
3200000;"ZACHODNIOPOMORSKIE";"3 kwartał";"ogółem";"2006";2332,44;"zł";"";
3200000;"ZACHODNIOPOMORSKIE";"3 kwartał";"ogółem";"2007";2614,07;"zł";"";
3200000;"ZACHODNIOPOMORSKIE";"3 kwartał";"ogółem";"2008";2916,99;"zł";"";
3200000;"ZACHODNIOPOMORSKIE";"3 kwartał";"ogółem";"2009";2996,20;"zł";"";
3200000;"ZACHODNIOPOMORSKIE";"3 kwartał";"ogółem";"2010";3084,44;"zł";"";
3200000;"ZACHODNIOPOMORSKIE";"3 kwartał";"ogółem";"2011";;"zł";"";
3200000;"ZACHODNIOPOMORSKIE";"3 kwartał";"ogółem";"2012";;"zł";"";
3200000;"ZACHODNIOPOMORSKIE";"3 kwartał";"ogółem";"2013";;"zł";"";
3200000;"ZACHODNIOPOMORSKIE";"3 kwartał";"ogółem";"2014";;"zł";"";
3200000;"ZACHODNIOPOMORSKIE";"3 kwartał";"ogółem";"2015";;"zł";"";
3200000;"ZACHODNIOPOMORSKIE";"3 kwartał";"ogółem";"2016";;"zł";"";
3200000;"ZACHODNIOPOMORSKIE";"3 kwartał";"ogółem";"2017";;"zł";"";
3200000;"ZACHODNIOPOMORSKIE";"3 kwartał";"ogółem";"2018";;"zł";"";
3200000;"ZACHODNIOPOMORSKIE";"3 kwartał";"ogółem";"2019";;"zł";"";
3200000;"ZACHODNIOPOMORSKIE";"3 kwartał";"ogółem";"2020";;"zł";"";
3200000;"ZACHODNIOPOMORSKIE";"3 kwartał";"ogółem";"2021";;"zł";"";
3200000;"ZACHODNIOPOMORSKIE";"3 kwartał";"ogółem";"2022";;"zł";"";
3200000;"ZACHODNIOPOMORSKIE";"3 kwartał";"ogółem";"2023";;"zł";"";
3200000;"ZACHODNIOPOMORSKIE";"3 kwartał";"ogółem";"2024";;"zł";"";
3200000;"ZACHODNIOPOMORSKIE";"3 kwartał";"ogółem";"2025";;"zł";"";
3200000;"ZACHODNIOPOMORSKIE";"4 kwartał";"ogółem";"2005";2314,84;"zł";"";
3200000;"ZACHODNIOPOMORSKIE";"4 kwartał";"ogółem";"2006";2444,92;"zł";"";
3200000;"ZACHODNIOPOMORSKIE";"4 kwartał";"ogółem";"2007";2796,22;"zł";"";
3200000;"ZACHODNIOPOMORSKIE";"4 kwartał";"ogółem";"2008";2998,62;"zł";"";
3200000;"ZACHODNIOPOMORSKIE";"4 kwartał";"ogółem";"2009";3060,21;"zł";"";
3200000;"ZACHODNIOPOMORSKIE";"4 kwartał";"ogółem";"2010";3178,53;"zł";"";
3200000;"ZACHODNIOPOMORSKIE";"4 kwartał";"ogółem";"2011";;"zł";"";
3200000;"ZACHODNIOPOMORSKIE";"4 kwartał";"ogółem";"2012";;"zł";"";
3200000;"ZACHODNIOPOMORSKIE";"4 kwartał";"ogółem";"2013";;"zł";"";
3200000;"ZACHODNIOPOMORSKIE";"4 kwartał";"ogółem";"2014";;"zł";"";
3200000;"ZACHODNIOPOMORSKIE";"4 kwartał";"ogółem";"2015";;"zł";"";
3200000;"ZACHODNIOPOMORSKIE";"4 kwartał";"ogółem";"2016";;"zł";"";
3200000;"ZACHODNIOPOMORSKIE";"4 kwartał";"ogółem";"2017";;"zł";"";
3200000;"ZACHODNIOPOMORSKIE";"4 kwartał";"ogółem";"2018";;"zł";"";
3200000;"ZACHODNIOPOMORSKIE";"4 kwartał";"ogółem";"2019";;"zł";"";
3200000;"ZACHODNIOPOMORSKIE";"4 kwartał";"ogółem";"2020";;"zł";"";
3200000;"ZACHODNIOPOMORSKIE";"4 kwartał";"ogółem";"2021";;"zł";"";
3200000;"ZACHODNIOPOMORSKIE";"4 kwartał";"ogółem";"2022";;"zł";"";
3200000;"ZACHODNIOPOMORSKIE";"4 kwartał";"ogółem";"2023";;"zł";"";
3200000;"ZACHODNIOPOMORSKIE";"4 kwartał";"ogółem";"2024";;"zł";"";
3200000;"ZACHODNIOPOMORSKIE";"4 kwartał";"ogółem";"2025";;"zł";"";
